id_particle,x,y,fluorescence,frame
0.0,376.01755629947,90.92491870195806,215.6980964900119,0.0
15.0,6.885202531347659,36.631181262647715,191.87891002440824,0.0
24.0,209.5902107245995,19.98922252293073,166.27497616344942,0.0
31.0,321.13948092621445,276.684739699131,178.24707285904512,0.0
40.0,368.1723965949734,217.80313202951766,182.13792338788653,0.0
44.0,385.3247926231177,9.791247827758525,152.74789591481317,0.0
47.0,146.1003350546889,165.02859504742378,232.59047193417794,0.0
0.0,376.20075426400524,101.60858425053358,208.04734273642774,1.0
15.0,11.606190224231232,29.043394232755908,199.2045581364445,1.0
24.0,203.24156614069938,25.68346878573583,151.32075480175416,1.0
31.0,329.82598241414877,281.8857349727003,172.08902156263656,1.0
40.0,378.2089730936648,221.15298269230087,176.31873353766883,1.0
44.0,379.28713375344546,21.464577079139794,139.47815230043463,1.0
47.0,150.85960219902236,173.68607625221836,229.7741759401282,1.0
0.0,380.35150719332984,112.02157360952297,188.53321279251867,2.0
104.0,508.38726063067867,326.60105324921244,95.85778048789159,2.0
15.0,16.95921378191667,21.616317080596687,196.06328791595834,2.0
24.0,198.16534508386445,31.073959686598283,138.36174755318848,2.0
31.0,340.2040602971102,285.0755660220074,170.55487083122793,2.0
40.0,387.95753363831466,223.41696729780298,164.29960629468567,2.0
44.0,373.95785120792306,32.629802837836145,115.0451094908492,2.0
47.0,154.6473905825974,182.88024739951027,220.61586613246527,2.0
0.0,382.9605764662662,123.50871140416308,209.9827570450546,3.0
104.0,503.01500696037795,335.23290577077694,96.33459047807912,3.0
15.0,23.570895018633358,13.83105485553261,207.46602092524407,3.0
24.0,190.62698003552381,35.68795475031281,141.56712348095616,3.0
31.0,349.516614860804,290.5530593259954,167.22920816357373,3.0
40.0,394.6313796469926,229.26464298149668,173.6928986664952,3.0
44.0,367.6995093426152,42.95901132517952,103.6970204936929,3.0
47.0,157.30834112639528,193.1725289691348,225.7358773193271,3.0
0.0,386.105663826967,135.2146690157732,206.9282813352523,4.0
104.0,496.7970779709818,342.59572233240687,95.67045836899582,4.0
15.0,29.428774225480105,5.489835356087518,204.0975937615087,4.0
24.0,183.26674621731138,41.62076722108973,159.5541748317763,4.0
31.0,358.81113880024054,295.3615405177695,169.37178985933602,4.0
40.0,399.992830887162,234.64996644890573,177.61347553673542,4.0
44.0,360.700844942382,53.9002616278881,102.35693648008345,4.0
47.0,161.20602106012788,203.15420644545136,225.92359324994672,4.0
0.0,389.481882855167,146.43341196896424,217.2729763715293,5.0
104.0,490.29782770625894,349.47378957428094,92.51968666553734,5.0
24.0,176.8257621683522,48.159537548005666,164.50600941040116,5.0
31.0,366.4732203249798,297.84158998627913,158.66321729827033,5.0
251.0,382.83945862438145,1.0051126990465704,80.00625330598149,5.0
40.0,405.7235117808501,241.45144655213818,183.78721630706974,5.0
44.0,351.87411237921003,63.2449560687491,109.62101019697823,5.0
47.0,164.42942820115402,211.88288619148636,238.91443818089905,5.0
0.0,393.45746765284457,157.15697513943135,219.41085049959054,6.0
104.0,484.3462367792842,354.94931548779675,101.12220820431645,6.0
24.0,170.15108103771524,55.45060816724207,168.1903395961516,6.0
31.0,372.80936004595134,301.1026533962523,165.66667703251602,6.0
251.0,387.7021899615334,9.323100618039984,106.145249881422,6.0
40.0,410.5977133750873,249.88473045130092,204.57424509019003,6.0
44.0,342.27248143229735,70.07402836526114,111.1007882061792,6.0
47.0,166.89639861324514,219.1720863024196,231.23142938306282,6.0
0.0,397.9073297873066,166.73049963125285,229.88817147762137,7.0
104.0,479.26920728508185,360.1842687705838,106.11916770894133,7.0
24.0,164.06906110572834,64.56351155656301,169.1503939442271,7.0
31.0,380.0024138148399,304.4385384130806,173.5862843352916,7.0
251.0,393.60004507877306,18.267783096874037,104.21474808281819,7.0
40.0,416.56568707014156,258.768082286231,190.77980535957784,7.0
44.0,331.39397202317446,70.89113659750241,97.70827009488791,7.0
47.0,169.65508164967449,225.56717618441306,237.10681820188532,7.0
0.0,401.30847214462267,175.8459060414727,239.97364822319076,8.0
104.0,474.19177593641353,362.8494856973419,113.57568924044459,8.0
24.0,158.39455904428,72.80979141094167,166.76234495115096,8.0
31.0,389.04337667920873,306.6311029912504,201.80060348408014,8.0
251.0,398.7333615562055,28.062284010840823,101.56467820702206,8.0
40.0,420.92432707554747,268.1994783329097,218.17392439725165,8.0
44.0,323.027493679764,70.08227839388984,97.94164855810841,8.0
47.0,175.41279697113202,231.3011033895821,242.85596798258126,8.0
0.0,405.09438748118106,187.3668715755764,243.93493933729386,9.0
104.0,469.8710113153133,364.83604758985723,129.8215290553755,9.0
24.0,154.0178152415498,79.92253843562483,163.8763865270102,9.0
31.0,398.1391054343017,306.7503793408183,206.63005091694345,9.0
251.0,402.531649137752,37.76782237121162,109.75527965615298,9.0
40.0,425.1370143073238,275.71220616892197,223.65726286045845,9.0
44.0,314.5248910353402,69.7220428783883,95.05077059579399,9.0
47.0,178.7469094466282,238.5937301272093,241.8674465084288,9.0
0.0,409.20437080000465,197.0841176826294,243.78659300644435,10.0
104.0,466.126197952989,367.47921130873743,125.56565835551115,10.0
24.0,150.13701372638118,88.3882341705287,170.84403099901988,10.0
31.0,408.42205716856904,306.6088674840646,199.57015134875326,10.0
251.0,405.38656223244215,48.15338932703465,90.7411907398068,10.0
40.0,427.2953037307054,281.7726467560048,211.63980175188763,10.0
44.0,306.2211348127595,68.94710285218211,100.26307819367798,10.0
47.0,182.84649912565965,244.32015643687507,249.88238675985025,10.0
0.0,415.1115588974864,205.88926923982734,235.20665934480652,11.0
104.0,463.0377709762095,370.2314637580372,112.89469245894031,11.0
24.0,145.20271556739291,98.9743883448821,163.12835293938573,11.0
31.0,418.68711485622686,307.7972329385902,181.39911761201034,11.0
251.0,408.40984519207876,58.706421164183396,88.48129414751797,11.0
40.0,430.7596332298514,285.964207355651,201.13449660041323,11.0
44.0,295.5513487823083,68.72263951312372,101.80009877736168,11.0
47.0,188.54490411198026,249.64465602732645,255.0,11.0
0.0,421.35543832132083,215.38539808785706,247.16740442776137,12.0
104.0,461.25350378613615,371.8374558282991,109.63160182706645,12.0
24.0,136.94687214937744,105.98686956730104,167.52963168218545,12.0
31.0,429.1708194003422,307.85761923035363,184.66638608939436,12.0
251.0,410.0199713257304,70.23210345790052,79.12927436422196,12.0
40.0,435.0356683535851,289.4237897437919,213.03190473590047,12.0
44.0,283.97791331987764,65.69406818559986,113.75791891885488,12.0
47.0,193.84783332998455,256.0775993087311,244.67596901532028,12.0
0.0,427.09571026103794,225.3751573800131,241.9054521431799,13.0
104.0,458.3187097763293,374.4198547793442,106.5722909959827,13.0
24.0,127.19173433453173,108.45690738017683,160.38060880698316,13.0
31.0,439.6127090899998,308.9251979149552,186.21787223497958,13.0
251.0,409.8730342230976,82.17380487512314,69.95011191507683,13.0
40.0,441.48923527446436,293.95660377691917,206.46220362392575,13.0
44.0,272.24691341890355,62.7015598513693,111.67216120077745,13.0
47.0,201.50340190699393,261.7965142014169,237.3129522532307,13.0
0.0,434.3105923797548,234.71713490088592,232.65088711363617,14.0
606.0,382.7222285366499,7.249503697040355,114.38386521293917,14.0
104.0,456.75997648553476,377.68084361050876,93.99566522654877,14.0
24.0,120.09379805778333,111.66017855749537,143.75116181031765,14.0
31.0,449.8848823888517,310.71792096393216,175.33294638195932,14.0
251.0,412.0317170678579,94.48395854946182,54.89326468478271,14.0
40.0,446.416555042045,300.5083003218528,216.2112647061667,14.0
44.0,262.1631265744753,54.448916993067826,127.14065347622697,14.0
47.0,208.8967280308867,268.33654909786424,211.79399438201207,14.0
0.0,441.07081654338293,242.43083847937862,224.42967678936893,15.0
606.0,382.71053473245587,17.11309399311152,108.50684358481541,15.0
104.0,455.1194598539337,380.53234596744466,90.18631422069508,15.0
24.0,113.9900576783105,114.33909005762968,149.13878972184585,15.0
31.0,460.3052706123362,313.9228924031247,175.7986929799239,15.0
251.0,414.31238459713023,107.16355214372479,49.31587308787041,15.0
40.0,449.1231468643381,306.95051662170044,222.56019974998105,15.0
44.0,250.78814832516886,45.4825251195785,121.41615090558476,15.0
47.0,216.32716778656268,276.76303721884227,208.1937051003052,15.0
0.0,446.25117612593675,250.16165114282174,236.6724362302145,16.0
606.0,382.8051451356343,28.394532998439686,133.21494832140348,16.0
104.0,452.82276603824107,384.4572489170356,81.26961161565175,16.0
24.0,108.5866386214138,117.18844400825114,139.79641649613728,16.0
31.0,469.7397920594834,318.6933200614542,187.94538363807757,16.0
251.0,414.1825513402809,121.87633669266806,63.94265773885795,16.0
40.0,451.110253667589,313.24926644554273,216.35929120472946,16.0
44.0,240.04027798896038,37.34274208644774,139.16911949498177,16.0
47.0,223.87333720512405,286.35099705640965,187.61968752708557,16.0
0.0,453.20980324179015,255.3288490445308,248.61766242102232,17.0
606.0,383.09184072402434,40.51056623608253,140.73012279212722,17.0
104.0,451.8238794907687,386.3760481759571,76.85292721750831,17.0
24.0,101.92581868005055,120.94887500292569,142.15422640059697,17.0
31.0,481.0023061550969,322.63533757219045,172.44343093460247,17.0
251.0,408.66249689872103,134.2796947703155,66.74630590349979,17.0
40.0,455.86515347501796,319.31645028412186,219.80425709129125,17.0
44.0,227.74333918899333,31.674645825277466,125.58528184822853,17.0
759.0,505.1542243925445,362.6482697524922,187.13579199966648,17.0
47.0,230.01342390822165,296.99574076315736,184.40211385453168,17.0
0.0,458.7944786412667,260.3191271576721,239.58043082587656,18.0
606.0,382.94675220249735,53.069075298392136,140.3641898701618,18.0
771.0,0.691856341691305,223.04551254783067,174.58872428660158,18.0
104.0,450.0305860827836,388.8619580972189,67.93587992838056,18.0
24.0,94.00173600463364,124.34637770628666,147.85113776619622,18.0
31.0,490.1338072094361,328.27815432098794,169.88916176862506,18.0
251.0,400.8332198636121,146.36545408461524,52.4772936850769,18.0
40.0,458.81440271301545,324.37190711047293,235.25075787220428,18.0
44.0,214.69783766757408,25.869045441283532,131.84301818279187,18.0
759.0,495.59417504897357,369.5533087915193,165.60304278344444,18.0
47.0,233.60635919567918,306.45502672961965,194.79682388391112,18.0
0.0,463.95279956276363,265.74409236169265,232.49005489153296,19.0
606.0,383.1145308003603,64.6644821878193,129.52082299576577,19.0
771.0,6.756377827469211,206.22453674750363,181.08634534014223,19.0
104.0,449.4037697732539,390.82594667602535,70.62693927909727,19.0
820.0,511.418261597353,240.25787477658147,25.08353475274516,19.0
24.0,87.45661649189286,124.71572620651229,145.4801978361277,19.0
31.0,497.0668846694274,335.30531942088,156.840600612515,19.0
251.0,393.6263093580636,158.05680807584667,42.671549337033056,19.0
40.0,463.70008257109095,329.61058175557537,237.997573634711,19.0
44.0,200.59720231807748,23.244890987678822,114.66264365342546,19.0
759.0,485.9633823898422,373.69171181249015,155.0999026153446,19.0
47.0,239.27520972049504,314.7039229816486,189.42194545040277,19.0
0.0,468.3005726657191,270.7939703930776,252.06531581252122,20.0
606.0,381.87363818267056,76.97019143660854,136.85168475897098,20.0
771.0,2.233411010995763,189.0115903502051,179.67257338795798,20.0
104.0,449.0732940454629,393.2196876774356,70.9431788923571,20.0
820.0,502.67288442073715,247.591182866566,34.90164397794098,20.0
24.0,81.55853404745,126.88022915745022,150.4804020813685,20.0
31.0,504.66887448610595,342.36490984497203,164.39224236662156,20.0
251.0,387.02212461860194,170.59119817226156,38.07835549601113,20.0
40.0,468.87191649576,333.92915532741716,238.94853982595333,20.0
44.0,185.82280148267995,18.104180161753966,117.91842484815602,20.0
759.0,475.2266574824196,376.1257654020256,154.3888094494716,20.0
47.0,244.10509058682524,321.15121093325354,177.4234666011819,20.0
0.0,471.86531389424914,274.063014813094,255.0,21.0
606.0,379.8217449717491,88.72130195252686,137.15086639543696,21.0
104.0,448.24001708801967,395.64442389334937,68.55517598610149,21.0
820.0,492.93943308734526,255.6133252014294,36.32673451057959,21.0
24.0,75.1307671768139,129.58948307031397,147.35647756182763,21.0
31.0,508.69612263787906,351.5943197189054,177.26901958069183,21.0
251.0,380.10224897306875,182.93525646038603,45.90383023768909,21.0
40.0,473.67602804342516,338.28367554274973,234.11175362966574,21.0
44.0,170.87749649100476,13.409536829112106,112.7370668727032,21.0
759.0,462.11647091857174,377.484727315635,159.47683654069564,21.0
47.0,248.8872013152798,326.83058960028046,180.97653746686527,21.0
0.0,474.0863503651825,278.44571294232844,255.0,22.0
606.0,378.452056441909,101.89690284293255,134.95870197150035,22.0
104.0,447.7172403762063,397.7114870579134,82.63428587659897,22.0
820.0,484.2405198458914,263.17733159956975,32.29429564571517,22.0
24.0,67.1438802946003,132.16220002867294,143.58529049833615,22.0
251.0,371.612669139039,194.99413343434023,58.059806975362434,22.0
40.0,478.9660046658025,343.67300869084204,217.00857127754486,22.0
44.0,156.65419549218223,11.420139234481537,120.6323672672909,22.0
759.0,447.8919693875047,374.70294963105613,169.67339022747026,22.0
47.0,255.30694093283188,332.4043911095798,180.61498487447025,22.0
0.0,477.4931387820148,283.81903144024767,253.94989391006533,23.0
606.0,373.50401472892366,113.07546461017184,121.01479541438059,23.0
104.0,447.47323737092864,399.64649015258817,80.29113319327794,23.0
820.0,472.7377929080937,270.16884991584965,23.53021312718758,23.0
24.0,58.10847824483034,136.53720069292305,162.47851169168553,23.0
251.0,361.25763433424174,206.07444820288254,40.91973335176965,23.0
40.0,483.23116992772543,347.044681617939,221.89840902811153,23.0
44.0,141.77896166403124,11.642025293604831,115.80344526943944,23.0
759.0,435.70455113015635,369.22172384990284,164.56470520259577,23.0
47.0,260.86119178177483,337.69401952689094,182.52259303895565,23.0
0.0,480.83367071303655,289.9025363613171,253.51553951994168,24.0
606.0,365.9376867254648,123.91634028143127,123.91770095471021,24.0
104.0,447.3259936974457,400.1821021063506,91.32676218042691,24.0
820.0,461.84410107918075,277.5065905302552,18.418863339748423,24.0
24.0,49.87389823910986,143.20481706712556,171.80451020622846,24.0
251.0,354.2622188684783,220.270871657227,45.12643088359293,24.0
40.0,485.6629296914535,349.316621931139,215.06049967215253,24.0
44.0,127.18456873259143,8.426366516840904,110.65122592654625,24.0
759.0,423.2237513310357,365.44283663092796,166.72780930615303,24.0
47.0,266.62348897698513,341.2315053638728,172.52777648837625,24.0
0.0,482.20203856858177,296.2207720069047,255.0,25.0
606.0,357.27296597184096,135.37275005366757,119.01149820078687,25.0
104.0,447.16840333152214,401.4337259559629,80.75784755665846,25.0
820.0,454.97943446306874,285.70538815674706,5.57415004301234,25.0
24.0,40.9807452254873,147.78699492512513,167.80780897688192,25.0
251.0,348.3635385214149,235.56097814164494,49.700919105199446,25.0
40.0,487.8564916404255,352.8255509112817,210.99032555482015,25.0
44.0,112.34521278160153,9.368994699142608,101.51790638505696,25.0
759.0,410.3840595846712,365.6922966365622,165.4086247894426,25.0
47.0,272.63274077035345,347.4086263437452,171.91730109596662,25.0
0.0,482.75365395600727,303.06300397685084,255.0,26.0
1079.0,355.3266922874627,10.316835464799702,255.0,26.0
606.0,348.7789210446708,146.29489908803853,132.2778580046729,26.0
104.0,446.96771531344234,402.63104850706344,91.6904268717382,26.0
24.0,33.199531434795105,152.77840453571548,160.9404291442925,26.0
251.0,346.2097018785466,252.87916668763773,53.048301656495305,26.0
40.0,489.76936875464406,356.9723110177504,214.27071668345758,26.0
44.0,98.30184030409768,11.686085036464068,111.40813418255067,26.0
759.0,398.5333249170231,363.6264225152157,160.42195941402926,26.0
47.0,278.82044204812166,353.95200951668295,189.73690768486807,26.0
0.0,483.29748579594656,309.9100737222793,255.0,27.0
1079.0,355.887308675871,25.86031230722484,255.0,27.0
606.0,341.30221778722824,159.13628742425243,148.7117219394029,27.0
104.0,446.11316545607133,405.6677633460074,93.30890301337121,27.0
1134.0,440.4718089118526,300.69063082188546,3.0805358531020777,27.0
24.0,25.536861333828995,157.50741647419352,146.85184641976736,27.0
251.0,343.3191818132125,269.84158155000733,60.29268043126989,27.0
40.0,492.6511658720511,361.51626968828003,223.19132154379628,27.0
44.0,84.29439933520875,11.816640487736558,100.22572039288079,27.0
759.0,386.7275400259798,360.5600335445791,156.87409098887363,27.0
47.0,283.7324608079049,360.17889629440623,180.03753443511047,27.0
0.0,483.9783445314172,314.8013232962464,255.0,28.0
1079.0,357.1778676888349,42.87596006499402,251.5768216037425,28.0
606.0,331.77124588884976,171.72940073704746,154.27598177922692,28.0
104.0,445.4708998762055,406.93621442759843,83.15013269104905,28.0
1134.0,433.2171690384229,306.7922817894827,1.005935338568745,28.0
24.0,16.85424071373644,162.55585482003954,126.38574461320272,28.0
251.0,337.8389623917993,285.5563963238254,60.79608903488349,28.0
40.0,495.91017601460686,366.2959095927321,228.8703982779022,28.0
44.0,71.37590254958818,15.73563678156199,88.80673678443914,28.0
759.0,374.5367513989989,360.842700302224,168.44244427696708,28.0
47.0,292.57036925582076,364.00464108975285,186.45989354662768,28.0
0.0,484.7726558352693,319.6473343951014,254.359618775492,29.0
1079.0,357.46490823214685,61.00906770868875,255.0,29.0
606.0,324.46514971885887,186.4152160570962,160.66273488339777,29.0
104.0,445.3693607489773,407.0943319616175,86.80825077184758,29.0
1134.0,424.38279363877785,312.5322685024309,5.284669043196537,29.0
24.0,10.530990948322362,167.93534106531075,134.11544890860264,29.0
251.0,331.26301005388495,301.3801601528773,60.82741005410689,29.0
40.0,499.70687440170894,371.07292585711434,225.52075143370388,29.0
44.0,57.41004840252915,19.520802708334415,90.96962494117344,29.0
759.0,362.55495369686446,363.9672946086734,172.23561089174595,29.0
47.0,302.9540790241464,367.84993950575137,183.480770841612,29.0
0.0,484.214757553264,325.5767382784711,255.0,30.0
1079.0,356.1414523358509,80.3061526286176,250.4885774229354,30.0
606.0,313.7934495848319,199.7730892908025,165.79437665814956,30.0
104.0,444.95612562691207,407.7438237444542,93.39988635479041,30.0
1134.0,414.8028534877475,319.14457610014597,11.970149698044857,30.0
24.0,3.8229281690171186,173.31432532949188,134.9058917196374,30.0
251.0,325.0731412067836,317.02325194303364,68.72910200682286,30.0
40.0,503.43988856091113,377.274915441954,240.821237777409,30.0
44.0,42.27797212792406,21.086048721908405,97.36599464177878,30.0
759.0,352.45248014933594,369.4010048159007,169.5490907649564,30.0
47.0,313.3546082668393,371.609331974663,183.71709415313725,30.0
0.0,483.56342275401084,329.8078170550555,255.0,31.0
1079.0,354.39619908864637,99.62457260985276,230.85593261702505,31.0
606.0,305.0179459221041,215.124631968752,166.735252345421,31.0
104.0,444.91314542807226,407.859453627417,91.95635825302958,31.0
1134.0,403.36861247343677,323.8478796668914,8.44025452159405,31.0
251.0,318.3412247946092,333.12356821303894,77.93764804868519,31.0
40.0,508.37943908966224,383.3179039960757,211.9651861783636,31.0
44.0,27.549058949014782,25.307232670119994,87.17265567756651,31.0
759.0,343.0539804298973,375.2149223506745,179.94553558560125,31.0
47.0,325.3448194250282,376.7842618101545,178.092089799739,31.0
0.0,483.4750123708129,332.9039988133952,243.4753131833443,32.0
1079.0,355.50232470888716,117.92833250232977,231.43064558053635,32.0
606.0,297.1257056818766,229.26874707955434,155.54454925777458,32.0
104.0,444.88199807192376,407.9911630011287,80.27676411626564,32.0
1134.0,391.9664228770833,329.51160342511906,10.193094245639235,32.0
251.0,317.93675802506783,350.98866092941785,86.5080230180431,32.0
40.0,511.87887585754555,389.86570328950194,219.93364722940876,32.0
44.0,12.945155710167734,32.35050675591495,84.44727780266713,32.0
759.0,334.78015234175757,378.8450878567611,180.94587444548162,32.0
47.0,339.1284962562102,379.1343995759294,167.36855572947954,32.0
0.0,483.1507265377941,334.9984389140349,242.97423818149252,33.0
1079.0,355.70866929947033,135.31441094165004,231.6384666251352,33.0
606.0,286.61316979318207,242.3619486987548,155.21319710734406,33.0
104.0,444.9226738145141,409.6073705058491,97.75271029091024,33.0
1134.0,379.93939608124725,337.298564744869,9.203082172030502,33.0
251.0,311.92234987399326,368.36738510649946,76.9107107429007,33.0
759.0,327.19271526674106,382.31584066276827,194.77765922323627,33.0
47.0,353.4157269293267,378.26133694104976,167.62294316682775,33.0
0.0,483.1409660027455,336.06512437379865,255.0,34.0
1079.0,358.6412185180177,151.48901350103478,241.4691304190831,34.0
606.0,275.3944981258109,254.6043016655449,158.8673152042218,34.0
104.0,444.7907113037419,411.0082066734138,95.95226633022821,34.0
1134.0,366.8437332536843,345.3028173433221,16.627140426738396,34.0
251.0,306.2050003660042,386.4457223240755,87.64935259553371,34.0
759.0,319.7111820388068,386.4348148498608,209.46437777572984,34.0
47.0,366.09946512939456,378.02589518763875,171.6404566370222,34.0
0.0,483.23597525448787,336.96624831582307,255.0,35.0
1079.0,361.14669101290195,169.05795483816516,242.35501577442906,35.0
606.0,263.57015247801434,266.29780230209985,170.95614470506018,35.0
104.0,444.9022525052715,412.3045035011274,84.78998487522645,35.0
1134.0,354.8842257144699,354.12374305246476,11.256588194478384,35.0
251.0,300.30336318049217,405.7167008709397,80.26457737554848,35.0
759.0,312.93553562231966,391.6448185156888,227.5174990615175,35.0
47.0,379.21027399124785,376.5324913846819,175.26663070521585,35.0
0.0,483.24565478627966,337.342502637704,247.91546199497634,36.0
1079.0,366.7906458965696,185.41439476183191,242.34781539112845,36.0
606.0,248.87501389798004,275.9653567592266,164.11534620938002,36.0
104.0,445.593623334503,414.4760387020013,83.52028580978327,36.0
1134.0,343.09763719782126,362.44475139309407,24.627365978220887,36.0
251.0,298.08063489463194,426.16663507417707,84.23226216978087,36.0
759.0,306.3234490570014,395.96077947436874,234.1097556131153,36.0
47.0,390.7381611358606,374.5146808115121,162.56429806527447,36.0
0.0,483.1903495100111,337.75694383214824,249.53050426209276,37.0
1079.0,374.31719898961757,201.84918311916036,250.70733341948994,37.0
606.0,233.2756528778509,283.944979092323,158.13835897564857,37.0
104.0,446.1027426437876,415.2013480619345,80.75077110177855,37.0
1134.0,329.6374185206596,369.31813334601895,0.02668628734274847,37.0
251.0,296.7026993100962,446.53388121697003,72.81970237861431,37.0
1553.0,510.3866175826278,415.13823462679767,216.96378659599074,37.0
759.0,300.07767957872284,403.96282004180915,239.8514154900415,37.0
47.0,400.7103468890272,369.54505977138183,164.45947356698338,37.0
0.0,483.1459623452937,337.9150683099249,255.0,38.0
1079.0,379.8067115870124,218.21272571600784,253.33567334174774,38.0
606.0,218.63641077017058,293.8401100777184,151.3266490803316,38.0
104.0,447.58773924818337,416.8562122254478,83.49914828142587,38.0
251.0,295.5338974540438,466.87954948642164,87.04948436252218,38.0
1553.0,507.4340230113856,419.722670026535,228.7817198732731,38.0
759.0,292.83680832747285,410.41694979363876,237.25507619286304,38.0
47.0,409.04873442424514,364.87362367742105,157.17378783766299,38.0
0.0,483.0882132641428,338.229428186012,255.0,39.0
1079.0,389.9938823258286,233.1828001580254,255.0,39.0
606.0,201.438832098699,303.7983428677508,145.47579264688403,39.0
104.0,449.2460203079113,419.41683168024855,86.37971573259006,39.0
1619.0,301.71856123679305,383.3643063485211,5.413445685502106,39.0
251.0,295.0330926714959,487.11595056006536,86.77066331502704,39.0
1553.0,503.22865641407714,426.587450116779,228.52750222558373,39.0
759.0,285.4310023617404,417.41886334887096,227.97764179186024,39.0
47.0,415.75293085850655,359.5225868812801,166.78109888370483,39.0
0.0,482.9562037692059,339.5681453302737,254.88318912589443,40.0
1079.0,399.669123789009,248.0972862282564,252.182262325422,40.0
606.0,188.50636823530624,320.2909425714098,132.14564749454073,40.0
104.0,452.3636599984936,421.57930854059435,79.07242213949542,40.0
1619.0,289.4859300547027,394.7159181974674,1.3482787867315889,40.0
251.0,298.2098118821764,506.4705069193671,85.13424458131318,40.0
1553.0,499.08008568649035,434.5011122584903,214.62000744178442,40.0
759.0,276.21483062052783,425.06078560027396,222.4439188082663,40.0
47.0,421.65341177216817,354.9930826195385,163.2700669065058,40.0
0.0,483.13125896337357,341.5634715162406,255.0,41.0
1079.0,407.9725604204234,264.4723903468084,249.76290058054036,41.0
606.0,173.11596702045182,334.8040939291269,127.11035984119853,41.0
104.0,456.13005814074336,424.5213818416752,95.07953422776089,41.0
1619.0,276.819005152517,404.30837832355974,4.457934104283588,41.0
1553.0,492.86539761487063,440.6390111256863,200.798179381776,41.0
759.0,270.0951150737205,435.24058626481497,208.66165015903002,41.0
47.0,428.33962946349584,350.99586123387706,172.88418928805126,41.0
0.0,483.17877576729927,342.033336112923,251.8409706831832,42.0
1079.0,416.9055429473897,281.9511465500389,251.0512549511278,42.0
606.0,156.14700795211758,347.5578925482183,140.01371150843755,42.0
104.0,458.849410751492,429.54467070768777,86.93570742128533,42.0
1619.0,264.58876127304126,411.06193281296515,0.6773105090221616,42.0
1553.0,489.1018759245857,449.25284070024503,180.20170380300257,42.0
759.0,264.3470579359243,445.43271772516636,194.74379108858207,42.0
47.0,434.4857684455824,346.2536032617995,165.399057107514,42.0
0.0,483.5543549106422,343.3459678177469,253.08176497374976,43.0
1079.0,422.5448145107028,300.8614239306284,255.0,43.0
606.0,140.61221564857925,363.54545997566623,134.82112298799078,43.0
104.0,461.2443532200383,435.2752783087668,81.28455154339328,43.0
1553.0,486.00034676001326,458.03633124706727,174.04500152535977,43.0
759.0,260.675580088259,454.5472063897197,164.65549837988806,43.0
47.0,439.71620565309104,338.27717869469944,176.48251770916042,43.0
0.0,483.5804807766439,344.4966559380165,231.36232951875377,44.0
1079.0,427.4517800072528,320.2394360223307,244.50801720118594,44.0
606.0,129.64614553447194,384.0736123460132,140.79093063139004,44.0
104.0,463.60699972139395,440.7171201647008,84.13767813331336,44.0
1553.0,483.5540981891778,467.4221107719021,183.24082470187034,44.0
759.0,257.28868113688156,464.8473898978899,146.29894032294476,44.0
47.0,444.7029171272947,330.0561982086035,174.37006216213643,44.0
0.0,483.5117012656451,347.1994208406805,227.64641453439668,45.0
1079.0,434.95801531897854,340.48108558852516,247.27890548264955,45.0
606.0,127.94329634276441,409.2531486529533,148.06290378380052,45.0
104.0,465.1693610513504,445.8830974322941,90.09396238105704,45.0
1553.0,480.8615581102993,475.3989345002158,183.47552047810814,45.0
759.0,254.50143652483067,476.0033792913439,143.94994828250321,45.0
47.0,450.2400850193885,321.87618145489614,188.8885754385633,45.0
0.0,483.22478819193776,349.46034668315906,233.04054616151933,46.0
1079.0,448.17055284036627,358.40215734020364,255.0,46.0
606.0,128.1124498302524,433.4544037046344,159.75561872361254,46.0
104.0,466.08417793880886,449.25137060112195,89.92586457188206,46.0
1913.0,230.36096641756947,458.41758602299086,1.4823006653208102,46.0
1553.0,480.17836639222145,482.64456660810816,190.31405821686567,46.0
759.0,253.72789872335898,488.7176853262574,127.23547934268777,46.0
47.0,456.1364246934526,311.4774498165434,181.9643700523913,46.0
0.0,483.3707490836357,350.32367592900204,249.61183541103048,47.0
1079.0,463.73640881019986,372.9754651702867,247.48066255822152,47.0
1942.0,503.6529106428145,451.25231795922974,100.85779238895188,47.0
606.0,122.75050132065232,456.77904832478896,141.63518401829373,47.0
104.0,467.7174152229483,453.15589402453526,94.91484362295961,47.0
1913.0,217.5950987611762,471.0545357344358,8.770022765892813,47.0
1553.0,479.9410184443301,490.4105527081361,203.99511920727213,47.0
759.0,251.62572681131118,500.8529712151112,133.14051238307562,47.0
47.0,462.3905797513424,300.31820175161243,164.5018361477319,47.0
0.0,483.4777967730888,350.62554301878316,255.0,48.0
1079.0,476.010283240918,389.9748972545787,240.77962314015647,48.0
1942.0,496.37455070186274,437.75467111409887,118.80939948464781,48.0
606.0,117.57686149045679,479.05727591914626,159.0266804460976,48.0
104.0,469.65629187520733,458.870378932286,122.41307429510752,48.0
1913.0,204.84992621578468,484.9995066968679,0.5382258770716621,48.0
1553.0,480.23739476089844,497.21786572928914,215.39539701720537,48.0
47.0,466.6867149269925,287.09648988318634,161.8853592421896,48.0
0.0,483.77082358436394,351.37127456352863,255.0,49.0
1079.0,491.52568992622145,404.7870977715241,243.4026492662422,49.0
1942.0,486.34527892701396,424.45750200856486,121.35068143477457,49.0
606.0,115.14046536916437,501.3844953252341,153.94622695153836,49.0
104.0,471.2958070499497,463.8097009901585,124.12572498254836,49.0
1553.0,480.80417947135527,501.94025474090904,218.10765519643618,49.0
47.0,471.05698346976794,274.5725520053476,183.20471228111273,49.0
0.0,483.86883879506405,351.67933213026026,251.9959557431421,50.0
1079.0,504.0505704212106,421.7268374239202,233.4237402954572,50.0
1942.0,474.57584212917715,412.2369296534407,109.89116829192886,50.0
104.0,472.8820643762786,468.6294545252635,119.27324660543411,50.0
2080.0,184.55403569945437,511.0434401578509,1.138513745966795,50.0
1553.0,481.4548755509039,505.05747583510237,232.32059089513484,50.0
47.0,473.9297306695343,263.70098400356085,169.99465089510002,50.0
0.0,483.9108436570071,351.8872432254804,255.0,51.0
1942.0,460.7505642673075,401.34540191600644,113.325187075261,51.0
104.0,472.216661747534,474.43363874265185,118.39060141499996,51.0
1553.0,483.637592893095,508.58811321388805,248.54719194532956,51.0
47.0,474.33074762757684,251.90578182786106,142.587525718407,51.0
0.0,484.0461954327385,353.17642846674,255.0,52.0
1942.0,447.116872355417,389.9998112296278,126.25426443928228,52.0
104.0,472.8372529185515,480.3706149644992,115.74860541600933,52.0
1553.0,485.591411745345,511.3613982860197,255.0,52.0
47.0,473.8608205237957,240.71358695730308,128.58694647558383,52.0
0.0,484.0935832572679,354.21539708601284,250.6586201926204,53.0
1942.0,432.11110291219586,384.4610513995342,123.75412465116636,53.0
104.0,473.1548456967397,484.7374930433512,101.08474600566203,53.0
47.0,470.0004944028858,231.63876275856788,128.8586945712271,53.0
0.0,483.92987800351943,355.1217280341975,249.27614984130227,54.0
1942.0,418.13023570324833,378.1320700236301,128.60738083056927,54.0
104.0,474.49845586591414,488.10133674185096,86.41009014059182,54.0
47.0,464.9853705146099,222.12134502244638,148.44811481422036,54.0
0.0,483.9252661964423,355.37427647215156,249.3497516048318,55.0
1942.0,401.90314544044656,374.5584501686746,141.52958633352262,55.0
104.0,477.345263059892,493.93718760000297,98.60093888042513,55.0
47.0,458.4938772125362,212.5547842638076,156.3158819883272,55.0
0.0,483.95144254947274,355.46515319453465,237.9145442128329,56.0
1942.0,384.030491865713,371.3369851067733,139.97935353357377,56.0
104.0,480.7553331965021,499.05161123713185,98.34731624654226,56.0
47.0,449.809235163235,205.46223615122477,153.69003055628872,56.0
0.0,484.35674734960753,356.46846608262393,254.16803178381147,57.0
1942.0,366.26521076588443,365.9021004515201,135.46075169121266,57.0
104.0,483.6431008247373,502.9473629538956,84.99298268618901,57.0
47.0,444.7655161132123,194.69597696668043,157.91884718566163,57.0
0.0,485.01884630313606,358.70053659015593,255.0,58.0
1942.0,348.50330946123887,359.5307671635017,150.51688921893032,58.0
104.0,485.9209806307736,507.4364915190667,87.67957592713006,58.0
47.0,440.5809601242732,184.39111045679707,148.72660051380106,58.0
0.0,485.1086594045536,360.61744612179467,249.65502752010815,59.0
1942.0,335.32547185146126,346.1865865075494,156.72389621029697,59.0
47.0,435.6639075191308,175.24622049625378,171.18523859679533,59.0
0.0,484.7166422491228,363.401544734903,234.6657969954519,60.0
1942.0,320.5018777759322,333.5084934724241,168.618315630994,60.0
47.0,428.4909114703148,167.73858155493332,179.76333265783842,60.0
0.0,484.4102297347916,365.87647495095894,222.83027809020723,61.0
1942.0,304.9208401919398,320.34959821415737,183.1329023539166,61.0
47.0,418.96878177641094,159.54553251487044,185.02335898491816,61.0
0.0,483.31859221348077,368.22710151634993,214.27653896916107,62.0
1942.0,288.3152570910827,305.79526457077657,204.9032215105727,62.0
2625.0,5.35495788894888,493.6009653897161,165.50407635641554,62.0
47.0,409.9556824789835,151.74643054972069,192.48443969522077,62.0
0.0,482.51614786049237,371.27415871710883,228.6110661261029,63.0
1942.0,270.54431551666096,291.0052476208713,196.43561676057217,63.0
47.0,399.74925805849585,143.12573617554725,189.9406492377319,63.0
0.0,480.98080930014686,374.58568882377506,232.68132082166895,64.0
1942.0,254.99361546284803,273.47732349848013,191.56369631018143,64.0
47.0,389.44494434657213,133.77883887864715,202.06730820299822,64.0
0.0,479.41709788472247,377.71934791021454,240.36559042274772,65.0
1942.0,236.13908909369414,259.01437651396674,187.65104908931556,65.0
47.0,376.9176322449884,126.95202066367177,193.4005950037445,65.0
0.0,478.5744278320905,380.1810983097218,247.38694870358705,66.0
1942.0,216.4986046143796,245.71701479347877,189.2657753557819,66.0
47.0,363.4463169386574,124.38448887022675,186.4095027343079,66.0
0.0,477.6818111379159,382.1865252410521,255.0,67.0
1942.0,195.05222245525493,235.7167561619343,185.45275899440838,67.0
47.0,350.065178862018,121.2466143080254,178.40008614883047,67.0
0.0,475.7252068709236,384.1021359691624,251.39737052094685,68.0
1942.0,172.29549240799045,224.41488684861443,193.32654832480796,68.0
47.0,335.43764549118447,119.10468243074774,178.0637448007289,68.0
0.0,473.5426034914457,386.3415692170345,255.0,69.0
1942.0,150.18671067396946,214.01835386617907,193.80000589808108,69.0
47.0,322.0534089189023,116.23733703015279,174.83787275547593,69.0
0.0,472.0835287769317,388.1494900020714,255.0,70.0
1942.0,129.26907008191486,201.03028653082674,207.43177389255945,70.0
47.0,308.91409030700066,110.70677435285923,187.9965865060421,70.0
0.0,469.7578981529775,390.5841132170182,255.0,71.0
1942.0,109.19067832395679,186.6728662361736,204.89209566210718,71.0
47.0,294.73646154768767,106.07254968068237,191.30211604956335,71.0
0.0,467.88586523726934,392.65018047106514,255.0,72.0
1942.0,87.87012412732928,176.91056838173404,220.02735217654754,72.0
47.0,280.65818258100654,101.64604148792438,186.80176986124894,72.0
0.0,466.51925701213963,394.7206339291585,255.0,73.0
1942.0,68.7391804763875,163.95691780167206,221.98323066516417,73.0
3132.0,3.4222425290971543,416.7702657150376,133.21783949453032,73.0
47.0,266.42007680669,98.23577997257554,168.75897617149568,73.0
0.0,463.9310840169915,398.0322682751849,253.87726436580166,74.0
1942.0,46.90605555583768,159.81250588807885,228.59829903585378,74.0
3132.0,8.411438454972494,407.9994784817803,140.12821553309027,74.0
3196.0,2.9555788539692625,383.3279682009514,228.24146902443613,74.0
47.0,252.77232147931306,96.5578981575041,173.08670312148885,74.0
0.0,460.39856396302514,401.5535847360252,255.0,75.0
1942.0,27.567956610120735,148.0572808983637,239.4357463540887,75.0
3132.0,14.55252407078882,398.71428844320525,128.21947726910915,75.0
3196.0,13.702141931984993,403.5606398397088,204.24644318121497,75.0
3250.0,508.507125592952,487.58935582570285,229.30998290090506,75.0
3261.0,0.01357425815782598,162.56302883568478,71.58988736694666,75.0
47.0,240.40993120668344,98.44038007122086,176.39174871433198,75.0
0.0,458.54740693338357,403.90477846879276,255.0,76.0
1942.0,6.151596706939543,139.54556044482516,244.0130510681054,76.0
3132.0,18.6149615954342,387.9419749742185,125.48987958252496,76.0
3196.0,24.11511983819665,423.0198118727142,205.12456470403532,76.0
3250.0,495.8054171769482,501.3682531575392,223.7433146581436,76.0
3261.0,12.360810067987352,150.28632690996346,74.48364802740379,76.0
47.0,227.14813354559905,101.0489530271817,168.56453864405344,76.0
0.0,457.1871387848777,405.12471256494894,255.0,77.0
3132.0,22.097608665504026,375.4213260474373,123.232663157517,77.0
3196.0,30.497125901941335,444.83350174018744,208.20035146774535,77.0
3261.0,23.032432378651777,138.1082577983686,76.39247058069947,77.0
47.0,215.2372567634492,103.94444754453048,186.77389923802787,77.0
0.0,456.61728687288064,405.5234641225907,255.0,78.0
3132.0,25.888489734671097,362.855725969914,116.11288440094208,78.0
3196.0,33.347373306590576,465.85214448766624,209.66769969956943,78.0
3261.0,36.67369940118487,126.23893534908598,78.90813682610937,78.0
47.0,204.97843860958037,105.59466973310565,195.3207334012531,78.0
0.0,456.0789006590377,406.1430278650569,251.7218308170858,79.0
3132.0,27.676182599345253,349.6732835830248,104.03617560045483,79.0
3196.0,37.038612866249395,486.7478617933864,205.5158684793141,79.0
3261.0,50.8572322622843,114.35987314716296,87.61813608023263,79.0
47.0,193.49517835853828,105.53716218222362,193.06000702438558,79.0
0.0,455.48081120243717,406.7679890529755,245.2933104843179,80.0
3132.0,28.784626538480428,333.9092524296089,96.70389048123216,80.0
3196.0,39.22376241261578,507.17902699105434,220.05272817047148,80.0
3261.0,63.65894277813004,101.10289767306745,79.02711794300737,80.0
47.0,182.39810952547782,104.98368149290427,185.09459938904013,80.0
0.0,455.30614966567236,406.89862640944744,241.46993528239054,81.0
3132.0,29.561227356887905,318.91002212227005,102.84827611757092,81.0
3261.0,77.83997383811649,87.06931089551347,83.21249299931381,81.0
47.0,173.30583690525881,103.31611108132749,185.05994106446332,81.0
0.0,454.5550162246943,407.403911139174,253.73157905137796,82.0
3132.0,23.65802584898882,304.6669790977012,102.27791701239077,82.0
3261.0,88.52335173781714,71.43314249322415,99.33076155528113,82.0
47.0,164.96612710430077,102.35752491176927,176.34683369441225,82.0
0.0,453.56900804149785,408.19083992366734,254.70757457768227,83.0
3132.0,18.415709237245807,290.4206139950566,103.99592893451845,83.0
3261.0,99.63019606573579,54.58949783247157,79.84278215903836,83.0
47.0,157.7912420507327,101.49399316933977,168.307762698858,83.0
0.0,453.0095058713091,408.61036063069275,255.0,84.0
3132.0,15.008006251648808,275.4482996488772,107.57498058503107,84.0
3261.0,107.86660038185421,36.31848278104725,79.3330450307013,84.0
47.0,151.35812002644298,99.65521474225376,169.04101922329767,84.0
0.0,452.04372888026705,409.3487687849459,235.25362276081998,85.0
3132.0,12.970481153230523,260.7871254376068,111.21729412276918,85.0
3261.0,119.735130930379,19.847652874718886,54.44181868583393,85.0
47.0,145.10726038101663,98.97845091996702,184.7863935611084,85.0
0.0,450.9339224672766,410.1081895330981,233.53125863243721,86.0
3132.0,15.252103784066955,245.88027241788765,107.62694979266466,86.0
3741.0,1.282185744578178,37.282722239866324,221.89551211958798,86.0
3261.0,134.728574304349,6.887865125515907,70.48491996664076,86.0
47.0,138.85406377342863,98.57285379885482,165.03408630086616,86.0
0.0,450.0368579798465,410.5159384892012,226.8838541866801,87.0
3132.0,20.405834393326096,229.6037290895104,95.16922171907525,87.0
3741.0,4.891770941809423,38.56284094651521,227.8023929009921,87.0
47.0,132.92022582813763,96.17763381722008,150.19779534231068,87.0
0.0,449.31088604526474,411.1510713120891,223.7828121649909,88.0
3132.0,26.65717733316788,213.34019933711502,97.443296523034,88.0
3741.0,9.35974058616016,40.02418726849062,232.8028503797331,88.0
47.0,126.20727208071733,94.36696508853464,140.3273150679107,88.0
0.0,448.9271716746962,411.3672840321326,223.9239465872113,89.0
3132.0,33.819757487885326,198.89978542443268,92.49017498686868,89.0
3741.0,12.80504772977042,41.32176869706934,239.74772664293934,89.0
47.0,119.31701448037695,90.94102684071655,151.84812691288363,89.0
0.0,447.4308659731961,412.14595887326806,221.86032034953726,90.0
3132.0,40.48665963338898,183.7396803371087,96.83686996750848,90.0
3911.0,0.4991659184177646,172.11368864841623,210.1382972517219,90.0
3741.0,17.033444760232854,42.25179103314877,223.91441768005163,90.0
47.0,114.16338682086047,86.71932931939321,153.95732199208808,90.0
0.0,447.3638398050337,412.1798427670106,222.81143618207946,91.0
3132.0,46.17811914101567,167.08796013741903,97.77593310221725,91.0
3911.0,5.675068298004566,168.6054146712917,231.09399348087626,91.0
3741.0,21.254197563853864,43.42337052618572,232.01047711146887,91.0
47.0,110.86940922381558,84.1955410946437,154.19396985399408,91.0
0.0,447.3353361233452,412.1890159904088,210.6821449900556,92.0
3132.0,58.49855001040356,155.1595500477737,86.09019293098771,92.0
3911.0,12.09082234371234,165.2404851517769,241.71807487414,92.0
3741.0,23.46441607490752,44.24341887927885,227.7082275723538,92.0
47.0,107.04182221917418,81.42022740566249,135.8771483590623,92.0
0.0,445.40859409939793,412.8011533425003,197.74759489657094,93.0
3132.0,67.18849366523621,140.61311494595594,91.90941252415344,93.0
3911.0,17.502396568399043,160.3836724354666,245.56514940953932,93.0
3741.0,25.50955095843821,45.56092019313688,238.18463562648088,93.0
47.0,103.58908155074998,77.73460604773625,148.1560823556344,93.0
0.0,442.49071067305863,414.10962563422237,202.67962625154686,94.0
3132.0,74.72551217855928,124.89119632837614,89.99841027428013,94.0
3911.0,23.376528039847702,154.72287752005332,239.65012555126634,94.0
3741.0,26.823984284835838,46.330387884433115,238.4385368875203,94.0
47.0,100.24420527602274,73.75958759654921,147.74380172456515,94.0
0.0,439.4397088018575,415.37338132293775,207.9061538439204,95.0
3132.0,83.20888925768475,110.34372500042399,88.9386292666602,95.0
3911.0,29.571635006184003,149.60231654400076,248.00178173686263,95.0
3741.0,28.326032609637906,46.97716357991939,223.3714352606121,95.0
47.0,98.43854259357181,69.53722640528954,148.0922469193172,95.0
0.0,435.54026485763126,417.30743318406684,197.33111273007688,96.0
3132.0,93.66057966597252,97.0416128606755,90.31828425001652,96.0
3911.0,33.958453548697186,144.586857180956,245.0576759181177,96.0
3741.0,30.39187409014172,48.7380981617899,224.76147440210957,96.0
47.0,97.9670150444752,65.46298828896322,148.8947967401725,96.0
0.0,433.07665735731456,419.2686043904989,182.58842808084952,97.0
3132.0,104.22899924919163,85.46723515810676,108.82725509848903,97.0
3911.0,36.69930258861829,140.14527948072134,235.659972665641,97.0
3741.0,31.439779570607765,49.55330079218637,235.32580226108163,97.0
47.0,97.39889984262165,62.15987700394717,163.0570790360417,97.0
0.0,430.6600685165824,421.428464121876,165.754580244774,98.0
3132.0,113.4201976403163,72.26265420957567,120.30851568707534,98.0
3911.0,38.86980798912759,135.80184307181412,245.64974320316728,98.0
3741.0,33.59913523937829,49.863641410646416,222.29518259507878,98.0
47.0,96.2281065385429,58.314362800659644,138.92979039804447,98.0
0.0,429.2249964979037,422.8375992625387,153.91914001103171,99.0
3132.0,124.1222788791637,61.21451405711346,135.7601899654219,99.0
3911.0,41.16391368825312,130.644771702246,242.772645213687,99.0
3741.0,37.59899415316865,50.224427289562826,227.4686033569502,99.0
47.0,95.665811375434,56.43232992971456,126.38184407307445,99.0
4393.0,173.36691548092972,17.883062261520195,130.87787920048962,0.0
4401.0,106.44250898578878,236.67256948131921,249.47937113106713,0.0
4402.0,286.6918294882821,342.04097235120173,132.26163295152102,0.0
4401.0,97.38333265718762,252.0693045439344,255.0,1.0
4402.0,288.5424848409217,318.09336301035836,94.19852649935805,1.0
4433.0,505.8671362757651,272.7190532167031,188.95150567715217,1.0
4401.0,84.90528994485382,263.084227406158,239.98334085561476,2.0
4402.0,291.7598352391437,294.05583077742745,70.99565542916508,2.0
4433.0,489.27742303425816,276.94117332292694,191.69703595735027,2.0
4401.0,72.89145659009593,274.80274851885076,252.25213878314813,3.0
4402.0,299.4149707917114,268.6313619148882,91.77512768464834,3.0
4433.0,471.6463599286905,283.15902697231684,184.5675163614014,3.0
4401.0,57.42414144207787,283.8137904415577,255.0,4.0
4402.0,311.84722018208805,243.03925401611195,116.44954979879074,4.0
4433.0,457.5390430614548,288.4312051923577,199.3322329315593,4.0
4401.0,43.36815720692072,292.0812548238733,255.0,5.0
4402.0,317.6705988856701,216.58658845823797,118.55998656231355,5.0
4433.0,445.0797069170739,292.1586997900135,169.6504577439363,5.0
4401.0,27.476674103251696,298.55047227008725,255.0,6.0
4402.0,325.1976993993831,191.20310113914536,147.9280295441556,6.0
4433.0,432.31691292859796,294.93890618321484,151.99342716384928,6.0
4401.0,10.472076190955462,301.5114219446126,255.0,7.0
4402.0,328.2307441342613,166.17583216224904,88.07979711735553,7.0
4433.0,416.73343270069756,294.6389222270606,160.70699490582754,7.0
4402.0,341.546953481153,143.84519833396695,102.13854223834653,8.0
4433.0,400.7343027891506,293.1592801290234,150.8635754384439,8.0
4402.0,349.771690603465,121.46962503781145,112.17033587535019,9.0
4433.0,385.7405483371329,291.5865993281441,150.6174574346947,9.0
4402.0,356.77581694177303,102.92008201050069,97.31724329330648,10.0
4433.0,368.63692431255896,290.4324829413203,106.68544903664147,10.0
4402.0,361.29144145250456,82.44981376979094,63.05439140419418,11.0
4433.0,355.61976344904565,285.6795340370225,103.954397045385,11.0
4402.0,365.8412076537206,65.64898738379856,49.925000365003555,12.0
4433.0,341.1853000733559,281.1074998020585,130.42295377255422,12.0
4402.0,369.0384538189473,48.53521294795307,58.7350885764742,13.0
4433.0,328.3270000312201,275.4297220067282,163.30069825013396,13.0
4402.0,379.87430046560996,29.81788849272637,68.593977556974,14.0
4433.0,315.2411715968373,269.949269769141,153.0874747279445,14.0
4402.0,386.59047018836065,9.56092857322977,62.4074423623822,15.0
4433.0,301.4851137011857,260.28245438281306,154.52969932448815,15.0
4433.0,291.6444522615737,248.17810262758329,152.9049249877576,16.0
4433.0,284.0651680426871,233.55453841881285,168.06489093108468,17.0
4813.0,505.7900826031366,471.0186733144632,153.61372009605878,18.0
4433.0,277.0420201561517,220.03897551754181,167.3800494406098,18.0
4813.0,489.22543977310437,481.4958607433831,189.98185704553148,19.0
4433.0,266.78291284135713,204.19447920336708,172.30320163615878,19.0
4813.0,468.43156386142346,484.9151594765778,207.3995203468048,20.0
4433.0,252.5403781565268,191.8621503332451,158.95497757980723,20.0
4813.0,445.1076222468204,485.54282902242375,206.58366756803574,21.0
4433.0,235.8979306385451,179.13837139076247,185.0662329519975,21.0
4813.0,424.2508833978314,491.7115161041973,208.55887290959132,22.0
4433.0,220.25274856984785,165.22885873107006,162.739936166005,22.0
4813.0,406.0686309463377,501.39487041644725,229.23417598682803,23.0
4433.0,210.49007191552099,146.8172111073373,152.99227194332036,23.0
4951.0,148.60122303732123,3.9194339940170835,144.483313964499,24.0
4813.0,387.1017444173804,502.31799473727983,222.8851993807648,24.0
4433.0,200.43470880750317,128.8735141424282,169.73446410417662,24.0
4951.0,142.46671196391134,25.629998315483434,143.8441127713543,25.0
4813.0,371.3928522695245,507.4093173068941,195.50491084736038,25.0
4433.0,188.26520857439445,112.07411224968783,186.15995442686733,25.0
4951.0,133.36813663777104,47.53198664407917,118.93807787086917,26.0
4813.0,355.3084014263023,509.99711087255105,189.45907868910808,26.0
4433.0,172.83460501008193,95.59421229141029,217.2321876000259,26.0
4951.0,118.33547198073163,64.39514572629645,142.98640978852453,27.0
4433.0,156.890695163541,78.65960332587846,202.1552937433477,27.0
4951.0,108.09460650864183,87.16905761953299,167.52367128017653,28.0
4433.0,134.87241955261786,67.79545648179395,183.9545415855873,28.0
4951.0,97.15117385813093,108.55102327235551,147.95885052632323,29.0
4433.0,112.35362962678504,57.02321926368712,215.33299034091752,29.0
4951.0,79.50005290623422,124.73590465120958,151.51580951109665,30.0
4433.0,88.50685969933514,47.374515103318444,215.86803367533074,30.0
5097.0,10.86042920493045,58.79899186393732,234.0381501059357,30.0
4951.0,63.604808921728356,142.5206341109489,173.6763212328779,31.0
4433.0,62.55242944655887,42.109968616429256,228.6202800710114,31.0
5097.0,20.98736691635526,58.8846714116889,199.9917197811599,31.0
4951.0,50.320210057063505,162.77095556235292,161.800425010705,32.0
4433.0,35.88361596444233,44.71045985148877,236.27946511327568,32.0
5097.0,32.52131219108209,57.834901710789495,208.4021142145286,32.0
4951.0,42.05119610703038,185.14425892075488,184.87190688241327,33.0
4433.0,10.01620974641494,49.000445984087264,233.18940082328606,33.0
5097.0,42.792558711173186,56.692103296523115,210.8547206002649,33.0
4951.0,30.448835410150107,203.36440184313201,173.2855442636435,34.0
5097.0,50.62777251654672,55.89142447249746,198.78894048920495,34.0
4951.0,18.853015135228855,221.43297775860677,181.75042735894021,35.0
5097.0,55.19134092716129,55.6391787602077,204.55615588780023,35.0
4951.0,8.646118631729237,237.7997708014763,179.850551170613,36.0
5097.0,59.4575745641931,55.296541662981376,220.39764989143282,36.0
4951.0,3.6604212190537115,253.84148127911146,171.26215667624612,37.0
5097.0,62.12027227381676,54.888237112948076,181.08559768262063,37.0
5097.0,64.12301186006619,54.40943176589658,171.02908300468596,38.0
5097.0,64.22278931129732,54.37129466081778,195.41401357404825,39.0
5097.0,65.76541410573697,53.554231304958755,182.6288406084639,40.0
5097.0,68.52381523832268,50.410501369522315,146.58507447485414,41.0
5097.0,70.20926666174384,47.03372974676786,120.17602125488335,42.0
5097.0,71.92364314182439,45.22662348645067,99.12191818983213,43.0
5097.0,74.61685584072798,42.25325792296977,141.19419647544964,44.0
5097.0,75.67845759536107,41.363005816012056,158.7132030246431,45.0
5097.0,78.4727357485205,39.11489008048235,160.86665956825684,46.0
5097.0,80.45401007992517,36.649862233743185,155.30045298315736,47.0
5097.0,83.01970522205272,34.17844025538983,162.9591375581009,48.0
5097.0,84.23389401790735,33.378943287105606,192.73202477357074,49.0
5097.0,85.25898923312228,32.82100842816567,148.44813876803158,50.0
5097.0,86.20368327182976,32.38763114194333,169.86558688362211,51.0
5097.0,86.63360118900829,32.09421141195994,173.92937890944302,52.0
5097.0,88.45983340295508,30.895095957945543,198.76313854578217,53.0
5097.0,88.94208852594306,30.599795506213674,207.62042569505616,54.0
5097.0,89.19984150550668,30.320290048484402,196.36952277926667,55.0
5097.0,90.62584776625661,28.29217415127501,167.1890394369986,56.0
5097.0,93.06984644460624,25.34177420106855,159.67338442319488,57.0
5097.0,95.16807113093202,23.303065354081966,175.48890325381606,58.0
5097.0,97.91157945365374,19.14327363672933,185.37971668171917,59.0
5097.0,101.3140989020693,15.622171699501221,176.23222985699783,60.0
5097.0,102.67324954149404,14.241320231596177,201.38272671961425,61.0
5097.0,104.14480549853211,12.521930264228516,221.79546811736833,62.0
5097.0,106.85596789652682,10.376244604358263,200.4760724599124,63.0
5097.0,108.32455517468979,8.125357388963648,247.7481801260087,64.0
5097.0,109.13775414540929,7.183203810844206,251.64206077272115,65.0
5097.0,110.15479124518053,5.7379289165449645,221.1379481709069,66.0
5097.0,112.27050477629957,3.0957871322278567,211.42234177494277,67.0
5097.0,113.01028360206602,2.4562433158237056,228.59373858743228,68.0
5097.0,114.68719051140289,1.216965173287671,200.6579965480172,69.0
6796.0,422.0719705188559,376.42214271432874,230.25031989980621,0.0
6803.0,151.76491645925876,329.7259008377739,143.0641905277992,0.0
6804.0,3.5268353634126015,337.3630280010449,177.171981923773,0.0
6811.0,496.21269469777576,26.332669654933966,233.6185871082286,0.0
6837.0,433.5096087795921,477.56088968699055,135.1225034375332,0.0
6838.0,454.95891543033963,156.08544465095974,128.42120431931002,0.0
6841.0,189.38644623765572,420.3340927512262,126.72898990114129,0.0
6796.0,420.8474947990536,370.8543685502969,216.8519017113182,1.0
6803.0,153.63749435856693,332.11196103387084,167.14451050350235,1.0
6804.0,3.8261178280267982,333.649015068116,157.81322260091983,1.0
6811.0,487.35758205231247,26.90454222840177,214.83635774264062,1.0
6880.0,4.31968038123304,83.20964311953804,199.03462169140192,1.0
6837.0,431.1551612901863,485.32876399913994,137.95805161002076,1.0
6838.0,455.17336342790463,156.12371968909963,115.97103842438011,1.0
6841.0,193.88509807282293,415.745796422323,102.8815932859043,1.0
6796.0,419.94806144824753,364.2114974326581,245.09129661575525,2.0
6803.0,154.2945616051965,333.30326765879397,184.45212236996377,2.0
6804.0,2.9930548900169818,329.0954518470871,146.79819711499772,2.0
6811.0,471.6591528232502,29.066870755274252,191.869547840345,2.0
6880.0,6.537436251487144,82.10198610910952,243.5975966868125,2.0
6837.0,427.50656631152566,492.57087810479817,157.17639799055618,2.0
6838.0,457.59699226211364,157.23546151181824,111.68609776155553,2.0
6841.0,197.48754283990587,412.2615336031437,59.10235543347407,2.0
6796.0,418.0398870443102,356.8809528977719,228.7430527683534,3.0
6803.0,154.82999047097766,337.8857262892936,138.5823115460753,3.0
6811.0,455.4129552674644,31.387028512641812,203.3360051969566,3.0
6880.0,7.384548329926679,81.67934248664302,220.32037921817846,3.0
6837.0,421.14150732822424,501.84975668412454,150.58277471827296,3.0
6838.0,461.6695705184923,158.09643572736607,101.4287841118888,3.0
6841.0,201.62928359674433,410.17593798716877,84.80293327845607,3.0
6796.0,416.99830263504936,350.4208328146764,255.0,4.0
6803.0,156.13708055827755,347.93386848895983,157.28603974550248,4.0
6811.0,442.13707071103755,32.84238533050287,182.97170849917143,4.0
6880.0,10.70737243428702,80.74994204926608,193.776000658423,4.0
6838.0,466.815966078731,160.27514910724403,93.81371234503831,4.0
6841.0,206.5242588978077,407.8589875669709,76.12581302550402,4.0
6796.0,417.84731081557896,337.5976422120419,254.37103737785668,5.0
6803.0,156.55592125155624,360.1623564634861,152.1272644372917,5.0
6811.0,438.77803409084856,32.31146355499696,174.44287729491586,5.0
6880.0,12.499936344835707,79.85432166622566,191.98999403724167,5.0
6838.0,470.60642544596254,162.9234337105315,112.78886214976495,5.0
6841.0,211.83375168342153,405.5891109709006,62.672681425207955,5.0
6796.0,415.88794914038544,324.91192441555586,255.0,6.0
6803.0,160.92484650168973,372.5109675756092,160.93716329492236,6.0
6811.0,437.86170875651356,32.23410467672789,160.46556993554228,6.0
6880.0,15.327367637283793,78.3637804208139,195.43284230178986,6.0
6838.0,471.0183629386909,163.2146674354211,86.43205960732817,6.0
6841.0,219.74198801929526,402.79068412906855,76.11928197065026,6.0
6796.0,409.51774378766896,310.49256644396235,219.9157670399857,7.0
6803.0,165.7562352107712,382.2208746282038,162.38232053870058,7.0
6811.0,435.4402165700177,31.49875593071827,190.6797760056178,7.0
6880.0,18.754616558641914,77.14326193109653,201.84604323951748,7.0
6838.0,471.9712332793025,164.4954006346209,59.03503689213469,7.0
6841.0,230.26198493799944,401.32781819036853,94.78448337027484,7.0
6796.0,402.61079722728925,301.8420671240698,165.9577243086635,8.0
6803.0,168.7827094468056,388.3050830465025,144.64360888400518,8.0
6811.0,433.30700669380633,29.576114379927184,185.94579328703458,8.0
6880.0,24.925772378597465,77.38508990648306,203.17117799678113,8.0
6838.0,472.67512940135333,165.62187753202278,73.95873144872171,8.0
6841.0,238.8175249528406,399.3788046787483,115.78004455452178,8.0
6796.0,394.83741690895334,294.79607049812955,154.83515850235528,9.0
6803.0,171.10990324358409,392.19164087900145,156.64097521149995,9.0
6811.0,433.27464492626103,29.550993907906197,159.7620368550559,9.0
6880.0,35.84743349717774,79.52729446143427,186.8701450755613,9.0
6838.0,472.6989077779879,165.67384492915727,114.74611619457534,9.0
6841.0,247.1908359347651,397.21381313083066,105.64542487854891,9.0
6796.0,381.461354021073,283.03768593960115,151.55137657704012,10.0
7238.0,136.23511981559218,0.579004075711719,157.07771690371047,10.0
6803.0,173.8059605571595,398.83777785590064,135.1015667445637,10.0
6811.0,432.938101482074,29.28506872177042,154.57328005605572,10.0
6880.0,43.63406173783337,82.95402366625326,203.7213316515897,10.0
6838.0,473.5416476610389,167.08987865418192,110.22971670819518,10.0
6841.0,256.84115976857737,393.7646860020137,75.73476784047742,10.0
6796.0,368.4120955026186,269.0384684551018,137.20606332251722,11.0
7238.0,124.15324438242195,17.842693419297426,159.61982851896826,11.0
6803.0,175.76083757382335,402.95197124335505,115.03809367772791,11.0
6811.0,428.41070393450644,25.385517609932172,142.57568687004283,11.0
6880.0,50.75019315446884,86.8954412388494,184.65848536063527,11.0
6838.0,473.8183877246856,167.52106508090932,118.83008143527154,11.0
6841.0,267.25090875228483,388.5271287331838,62.12653444429247,11.0
6796.0,358.6063680722505,255.7498877449427,144.42855717294512,12.0
7238.0,109.76856763697756,37.25073359445959,175.002334618087,12.0
6803.0,178.4657159367241,410.56883262701626,98.9269810889998,12.0
6811.0,425.9695582799724,22.873407844354972,182.05680729871068,12.0
6880.0,60.47678421434813,91.79464494302037,175.24134951760604,12.0
6838.0,475.84617875055517,172.32672021119913,82.56390144794315,12.0
6841.0,278.183717793531,381.4576752193518,56.502954324310316,12.0
6796.0,348.31193055889537,245.6885131267337,142.39480561639442,13.0
7238.0,93.26075143043283,56.36321347070155,170.96848729682804,13.0
6803.0,181.57465321770238,419.1441378153129,103.77542365422804,13.0
6811.0,420.52420487732405,18.453752010086244,168.58442312810058,13.0
6880.0,62.159974826134416,92.6871135597085,156.31002376186686,13.0
6838.0,478.6760983874818,179.28235301026814,83.06766226106438,13.0
6841.0,289.6537892368934,372.98410231752536,43.888484725270516,13.0
6796.0,335.13358022702306,235.24624098990236,112.54995034878915,14.0
7238.0,78.35048656556866,76.32842265700972,177.18279313699668,14.0
6803.0,184.5272296219192,425.49844587710373,91.87533406160344,14.0
6811.0,415.5236680097548,16.27403178553706,157.79591746053129,14.0
6880.0,63.78601107373894,94.17518444974745,149.7929939752975,14.0
6838.0,480.5720720816877,185.5948071459444,104.63679601006396,14.0
6841.0,298.0734413866394,366.33501128479014,45.68780263918085,14.0
6796.0,319.05795904657504,227.6053923844688,152.95103526993208,15.0
7238.0,63.40568783407558,96.70952709448773,203.5935128407746,15.0
6803.0,188.05456972944592,430.22544583076683,88.30658256951256,15.0
6811.0,407.08233023078765,8.876244153527365,142.27766390092887,15.0
6880.0,67.36757199981291,97.06792426126198,139.67157680563346,15.0
6838.0,480.7585485090961,185.94473585876443,121.82546126048622,15.0
6841.0,305.7611373719634,360.9823514363248,72.95117793939065,15.0
6796.0,306.1740257837022,214.12989576037444,148.48552347654925,16.0
7238.0,45.7725451567176,116.07653854071279,228.65481360094682,16.0
6803.0,189.4457936688457,434.49986392962904,124.63354883827259,16.0
6811.0,402.49805698681473,5.485841796928785,124.78219838175914,16.0
7528.0,32.837647250246064,499.43202867395723,229.29223772114904,16.0
6880.0,77.34389280042537,103.90228020116574,115.55991772864732,16.0
6838.0,480.83005028639553,186.16107264587757,115.21072563396288,16.0
6841.0,314.73924870217064,353.77346667374917,78.92393692278476,16.0
6796.0,297.8193757278813,201.7760915337379,160.02656264427165,17.0
7238.0,30.969317514530005,142.37516598275653,246.88991512511893,17.0
6803.0,191.76034914965507,437.72332754829904,96.40010879986525,17.0
6811.0,402.0587236051156,5.186700857256004,180.6589301313419,17.0
7528.0,39.763033958455075,483.69959176552555,217.6589249418752,17.0
6880.0,85.36473410513513,107.38636569825734,126.62124967646153,17.0
6838.0,481.5129816486145,190.72314010423952,88.57936062556168,17.0
6841.0,324.69990078909257,348.48543225828166,82.91784128263097,17.0
7578.0,182.1000809548065,503.67390032361544,255.0,17.0
6796.0,289.0101249753892,188.12026061888253,122.55416011285371,18.0
7238.0,17.89905542905776,169.79615812787313,239.59067383390027,18.0
6803.0,195.87099589606447,442.4199783646195,87.28977516207597,18.0
6811.0,401.6592414326239,4.971760792673875,172.03607174669725,18.0
7528.0,43.380763734926106,464.1868750435997,240.3500641222977,18.0
6880.0,92.07523351123623,109.52520820061004,145.9800213481242,18.0
6838.0,483.79031805488245,195.4725222527347,88.11447575478368,18.0
6841.0,339.35129623335433,341.53187378149244,106.98092286574813,18.0
7578.0,185.32676122021584,491.82434870945673,233.48327494943354,18.0
6796.0,281.8401978274742,177.62945414445377,96.02621758080242,19.0
7238.0,4.085856130415715,194.23859625110074,225.09611491720983,19.0
6803.0,201.9818190167301,451.5754702995595,83.93118157658623,19.0
6811.0,398.82681885559134,3.2525884748835105,170.77764405556164,19.0
7528.0,39.90689070828414,436.897846934905,245.735369448738,19.0
6880.0,98.61575151554332,111.84075685501085,139.838568323582,19.0
6838.0,486.80982099672025,200.2292755254191,109.782528768181,19.0
6841.0,355.79018263428355,336.43286331853716,126.48978422846815,19.0
7578.0,192.51770478785778,480.3649498288,216.9112918564058,19.0
6796.0,274.9537751862559,170.9729636401769,55.02515357996517,20.0
6803.0,205.2370169475347,457.1973502471347,107.32421052026419,20.0
6811.0,395.54156583458456,1.6941035407605285,181.86006779883246,20.0
7528.0,37.97064166096273,413.47383903160005,255.0,20.0
6880.0,104.84270506138922,113.58559873460526,151.35707780389112,20.0
6838.0,493.3793265517146,208.17174553664339,107.49620679875198,20.0
6841.0,377.7295436645237,337.77751754997337,114.99999567028979,20.0
7578.0,197.36998273639873,472.69709478963017,233.14700256582356,20.0
6796.0,264.97957004640733,163.6928014013204,47.786586791545666,21.0
6803.0,208.23879908858316,465.0448736370046,98.33960904062798,21.0
7528.0,36.49754269361646,390.70348942651,255.0,21.0
6880.0,106.56262371354012,114.22886227996045,158.72654552026228,21.0
6838.0,497.86602443710814,213.6675172531062,82.20006384113861,21.0
6841.0,393.3965464392626,336.4148028652598,110.42364004047955,21.0
7578.0,200.2014252573001,462.45663588283816,217.7295858535754,21.0
6796.0,257.4351385360803,157.47661618374258,32.59103912330204,22.0
6803.0,211.28551693846907,470.4864499973098,109.70635358132142,22.0
7528.0,36.75509899815975,368.58436907564067,255.0,22.0
6880.0,107.3773266647344,114.6705146593054,177.70210088444298,22.0
6838.0,503.4667729499316,218.96092341497518,71.78366806594494,22.0
6841.0,410.6954701260925,336.06530966767497,135.31877107622887,22.0
7578.0,202.36666353056918,454.4676311408844,218.07807065220064,22.0
6796.0,250.19417597996647,153.23293092168683,42.8587106254936,23.0
6803.0,217.66148431615272,480.56229093054105,114.02714501473024,23.0
7528.0,39.446613074131044,347.77841747179366,229.24149087757226,23.0
6880.0,107.64941890477927,114.89390820090274,168.388157384135,23.0
6838.0,511.2773421226213,225.72482483037754,67.55903920187076,23.0
6841.0,429.57150278216864,333.6907873870426,147.2856908775397,23.0
7578.0,205.05418906191312,444.425861592087,221.17709734075933,23.0
6796.0,244.98687138069954,150.07196214216904,89.30553916487295,24.0
6803.0,218.22055040884067,492.1884654560929,134.6580564022668,24.0
7839.0,62.31415305150986,490.68601172659953,237.99324475394252,24.0
7528.0,42.57182768067002,329.64566517954495,219.92215072260663,24.0
6880.0,107.73241034244879,114.92520528382765,178.92509360154241,24.0
6841.0,447.8571728749712,330.5881056736058,153.31138868387674,24.0
7578.0,210.14008276269973,435.39520053409046,246.39097057354425,24.0
6796.0,239.48137882088858,146.47976621789797,78.70373854695649,25.0
6803.0,218.95239945291877,497.72046253941994,110.86826066990972,25.0
7839.0,74.00296452112597,473.29694407781096,255.0,25.0
7528.0,44.81801337167255,307.61486939707305,220.81527045197086,25.0
6880.0,109.83441229548868,115.86654833244907,175.3321907638668,25.0
6841.0,461.89979276029624,325.612098890775,140.302430329226,25.0
7578.0,214.83769939441046,427.1755082031872,238.0968164474508,25.0
6796.0,234.30851113231788,142.4914156531535,75.95957284983174,26.0
6803.0,218.96530323319297,497.9242773622394,145.13702439843684,26.0
7839.0,87.88658237493142,457.94582484619986,255.0,26.0
7528.0,43.979014950158934,286.3808076783116,211.583022670554,26.0
6880.0,114.8714500127201,118.25589585067439,182.48644716646757,26.0
6841.0,478.6370184114693,322.3837392130227,127.20425353747794,26.0
7578.0,219.99804396594172,423.2907695856305,217.96471181073838,26.0
6796.0,230.1588119696615,139.6642402142514,73.3628989848533,27.0
6803.0,219.06125828303655,498.5650225027907,144.9238955958876,27.0
7839.0,100.7732941410479,441.43855471391987,239.48212637169846,27.0
7528.0,39.52894014816045,269.69639488797185,220.92472134303486,27.0
6880.0,119.91461036246979,118.96309288464666,188.0062427460009,27.0
6841.0,497.34618473575006,324.6204801139616,137.98297238847547,27.0
7578.0,224.38744106567498,420.5967663316521,221.86379602965678,27.0
6796.0,228.3792813634558,138.85502745865713,75.9155616728114,28.0
6803.0,219.10714442548374,498.9220809170481,146.81394747362944,28.0
7839.0,113.02034955171271,428.03199519625076,209.53102797947554,28.0
7528.0,26.945045799020043,253.46131673988066,205.29900301272838,28.0
6880.0,126.59382732669557,118.90226472423345,207.80754360638394,28.0
7578.0,226.92473052051793,419.7229615835461,179.5545596192692,28.0
6796.0,226.0732659074851,138.0824440453388,90.92846591643023,29.0
6803.0,219.58156286092216,499.66635313071913,164.08176221567447,29.0
7839.0,122.4664421110555,408.36773306391257,224.9932054600585,29.0
8070.0,270.18908867221523,501.38603666179984,199.70318276739755,29.0
7528.0,13.154827162414078,235.94033692028603,226.9560783278625,29.0
6880.0,135.55034666097424,117.33167334448322,195.6481741941076,29.0
7578.0,233.63678006973353,417.19957406283754,197.91672625699502,29.0
6796.0,224.79171929690557,137.50590611667832,81.56980791732165,30.0
6803.0,220.08815671549988,500.25857889674813,176.3506241100568,30.0
7839.0,128.93155524531952,389.6139404368268,237.03838155543582,30.0
8070.0,273.8251070614222,485.93767173479233,248.6215070372971,30.0
7528.0,4.596401219580153,221.192091466907,193.24526014038622,30.0
6880.0,141.3596066905809,116.26935343241689,193.33044727359317,30.0
7578.0,238.98364079690336,412.8034620148138,194.3578477029566,30.0
6796.0,222.80380943637866,137.26036400306108,107.61278575555805,31.0
6803.0,220.1934525115185,500.47533602691266,173.46501176565894,31.0
7839.0,135.33128853390798,368.73088949495104,249.06756111721745,31.0
8070.0,275.9774553991426,473.96752272050276,255.0,31.0
6880.0,151.77435851787783,113.11006583648502,163.54968009036912,31.0
7578.0,245.73187993298725,408.4020468717108,189.2109074478119,31.0
6796.0,217.73254650198874,136.6421076558523,91.55691736221065,32.0
6803.0,221.60022783271242,504.988599164822,160.9278818256946,32.0
7839.0,138.67205536501936,347.85868800108364,245.5388099764355,32.0
8070.0,280.2288535201791,466.87313700630807,241.53518377736958,32.0
6880.0,164.08692266328842,105.29184367503478,131.6123019697813,32.0
7578.0,252.37683518020023,403.7658490785459,191.91107324722032,32.0
6796.0,207.12974804402975,135.97007368523077,122.5155909532368,33.0
6803.0,222.27321990707262,507.45465665065444,128.778236152992,33.0
7839.0,145.258271222822,328.6546680678299,228.3639857101717,33.0
8070.0,282.7479913269367,460.54490635420615,255.0,33.0
6880.0,178.47011526077173,93.87777449692081,106.27770013844598,33.0
7578.0,256.7251769418426,398.6954794068222,220.32373142351685,33.0
6796.0,195.97496470714046,134.40179129143417,167.80180233597957,34.0
6803.0,222.36242094883823,507.9232158801761,101.18095988883809,34.0
7839.0,151.31248913935485,305.4165513580646,196.2614391485116,34.0
8284.0,208.29307483802364,489.13814408494545,255.0,34.0
8070.0,288.2189731222699,453.99216448618637,255.0,34.0
6880.0,193.12775319664976,88.14739049430402,103.6149124918883,34.0
7578.0,262.0525235829624,393.854534177421,223.96738323569,34.0
6796.0,188.48839663196628,134.1978916795118,191.61485643947788,35.0
7839.0,155.83549885160787,282.8577128768233,175.4373058674177,35.0
8284.0,206.48134267658736,459.8783814860713,255.0,35.0
8070.0,292.0847874090661,451.2267546425862,250.0833723551369,35.0
6880.0,208.22979868653547,83.47358973477084,111.38170566235931,35.0
7578.0,267.2099360529253,388.1382645378262,214.12470546157294,35.0
6796.0,182.98862480147034,134.68506627632956,189.95909391646174,36.0
7839.0,156.7359007335684,265.269851386874,169.8285204668841,36.0
8284.0,202.9988656101703,434.77986480726844,255.0,36.0
8070.0,294.8177188518519,448.07391680772747,225.51747053731418,36.0
6880.0,220.10354499457327,78.9971361484724,105.42315796952182,36.0
7578.0,269.44996058026106,385.66004460875223,225.78234559136317,36.0
6796.0,176.5273288429377,134.720049477575,206.63875317035564,37.0
7839.0,156.45523525540526,244.6204378943799,166.34881999136454,37.0
8284.0,195.60416166095155,404.6723424339722,250.8925256825141,37.0
8070.0,296.1783895974937,446.43109681052323,219.07736719938634,37.0
6880.0,231.73252846750108,73.38133614670792,101.51519156836794,37.0
7578.0,270.8686116495284,384.74524001468666,244.1077693338115,37.0
6796.0,164.77551651639155,132.55441218135124,191.21588217734333,38.0
7839.0,152.9562977046669,221.71340051519272,166.21286749777948,38.0
8284.0,190.6779004142787,374.3048052542122,252.0694984061646,38.0
8070.0,298.9996860869588,442.6823760758816,217.43506049431042,38.0
6880.0,243.40920499614538,69.29938899656086,104.71777378628829,38.0
7578.0,274.1532919727256,382.57401654916947,255.0,38.0
6796.0,155.16712255371792,129.27411296654694,176.27132993018952,39.0
7839.0,152.91709987506516,205.2591981502494,169.82832173183021,39.0
8284.0,181.5938569888027,347.81357949220165,238.16508284941378,39.0
8070.0,302.72452983488677,440.08727238519606,182.45467523645087,39.0
6880.0,257.15269373827147,67.43690656582167,110.51229672492826,39.0
7578.0,278.7602317545834,380.90232689726975,255.0,39.0
6796.0,144.06891203317747,120.98975840064188,182.81050896655483,40.0
7839.0,152.70385125813485,187.47892351924895,162.35203182045578,40.0
8284.0,172.57649018557137,324.257994745684,240.91164731137542,40.0
8070.0,307.8401195004201,434.20859090176367,191.66018567574264,40.0
6880.0,266.9416525457247,64.19860621136317,83.28402618023676,40.0
7578.0,282.5719603539474,379.99761744758393,241.5276849108121,40.0
6796.0,137.65239189142204,115.08988935992032,163.31982885361745,41.0
7839.0,148.04624730267417,164.5346843456718,140.9624809595109,41.0
8284.0,160.60580013843594,304.1027020486341,255.0,41.0
8070.0,311.65602354683296,428.9009231143492,179.6673985322607,41.0
6880.0,274.4470393195322,61.07654379964325,52.673260493391425,41.0
7578.0,289.1783142480365,378.5616201958966,249.78727479780608,41.0
6796.0,132.3320716070726,106.47828384200155,174.85694832808764,42.0
7839.0,142.14994676077498,141.26062598083587,134.1001573120887,42.0
8284.0,153.96602017833212,281.6082260116188,255.0,42.0
8070.0,316.0552825654259,423.5651751030608,152.94513151225237,42.0
6880.0,281.7214555697902,58.632389437101125,55.17886811800177,42.0
8657.0,416.6042112912917,506.8972723481628,24.133383169800013,42.0
7578.0,298.91877349033064,378.73340216947156,245.6728138572084,42.0
6796.0,124.92975205906663,96.13234311297879,155.8062145077376,43.0
7839.0,128.88177902928297,121.77333375128347,149.74410174581254,43.0
8284.0,147.26160950049325,261.6379089314542,255.0,43.0
8070.0,325.4003755321954,416.46813109159353,132.3798880400452,43.0
6880.0,284.9163180445919,55.815231962220594,47.75075266288332,43.0
8657.0,389.2263752809823,486.90550326269147,50.91294014278691,43.0
7578.0,309.4660741112934,380.2250364941197,255.0,43.0
6796.0,115.08571179199102,85.12166919532869,154.1594783390308,44.0
7839.0,116.53336538134053,100.49998531533143,158.43245852332547,44.0
8284.0,143.79479971118417,237.75520469873263,252.91266052862136,44.0
8070.0,335.7730876717484,413.4308926143345,84.73278367864047,44.0
6880.0,288.0846417244284,52.9567655937798,49.53585662949308,44.0
8657.0,358.5242284821759,474.220388809529,94.84532581777646,44.0
7578.0,324.248635687741,382.2683119510981,252.76880384026282,44.0
6796.0,107.79052175788817,71.92437479079405,139.37923717836958,45.0
7839.0,94.36344008760713,86.18173386735421,148.41512051895916,45.0
8758.0,272.437250815341,7.12057213724634,253.90772461658952,45.0
8284.0,138.2982929523222,211.577211420792,255.0,45.0
8070.0,343.4772517041122,410.1827803199352,65.73062257389395,45.0
6880.0,294.52338562621776,47.61292232854554,35.26586752671501,45.0
8657.0,330.06006919590675,462.3201349460079,70.04821467306579,45.0
7578.0,339.1468160060427,384.14917888762193,238.168908995971,45.0
6796.0,101.66121615052487,55.02520981595633,171.23980689446043,46.0
7839.0,64.43406943273514,72.77489785803192,124.75401383690162,46.0
8758.0,261.1397747683594,13.959507644360668,252.74517773693523,46.0
8284.0,138.33389056364769,182.49744352620056,255.0,46.0
8070.0,348.3118586291775,407.25334169168457,40.70702644656534,46.0
6880.0,303.01085450507475,42.987344849627505,21.451427910777173,46.0
8657.0,299.6660820285427,449.88020866392714,87.32608526016142,46.0
7578.0,356.62292700462314,385.0903179026869,235.61833660831513,46.0
6796.0,96.0219359173829,43.022454318107314,156.93723716416667,47.0
7839.0,33.26850222701646,55.21617119966741,146.39967520442764,47.0
8758.0,249.4333696228557,20.33925511701469,228.02422434469713,47.0
8284.0,138.25310296557979,153.43841422587874,255.0,47.0
8070.0,351.8328478599987,404.5171789337789,67.07351197414903,47.0
6880.0,312.795583050362,38.32849316281262,35.02398088258785,47.0
8657.0,272.5805769738013,436.12782505684703,123.10281653116778,47.0
7578.0,373.4588351167579,390.5781802356431,224.4474502936706,47.0
6796.0,87.0911255030643,26.771939252947256,167.61474976238364,48.0
7839.0,0.6914717174965048,34.02692570616436,156.09509648720595,48.0
8758.0,235.52464765035342,24.174174438564137,242.9458616620198,48.0
8284.0,135.28219934887866,126.56570607292419,255.0,48.0
8070.0,354.0720593654685,401.7677864204427,83.20246826835,48.0
6880.0,319.66068399083343,35.25948098946435,23.31077398053528,48.0
8657.0,241.4427998415917,428.0156007870949,134.71930981226149,48.0
7578.0,389.93556124867666,392.3084979249068,248.09647338379636,48.0
6796.0,83.75020420033013,12.31178253309653,166.61850610506804,49.0
8758.0,215.69207861765727,24.88388687429816,255.0,49.0
8284.0,130.22130826969885,100.7946218404199,255.0,49.0
8070.0,357.9355975267158,396.7597958190344,67.82603249684963,49.0
6880.0,324.2606749911655,33.014877325609596,10.197594236908763,49.0
8657.0,208.62321015750268,417.69404681026106,145.54985684921547,49.0
7578.0,402.7613682925368,394.94288610098266,237.64269450733033,49.0
6796.0,80.74748536601325,1.2088660802171063,182.999974375308,50.0
8758.0,191.81643471496696,30.030590127644604,255.0,50.0
8284.0,126.69023112806379,78.35419985432523,255.0,50.0
8070.0,361.0268165644235,392.8240849230404,59.39273743224665,50.0
6880.0,324.80907161098196,32.985877646378825,27.706636706098724,50.0
8657.0,178.37369913594847,403.6159803141115,128.16661395943584,50.0
7578.0,415.68583157008624,393.25120952838387,242.1814292378083,50.0
8758.0,170.90467443040566,30.79645670854737,255.0,51.0
8284.0,124.65726242401718,54.527488960234514,232.43183646888824,51.0
8070.0,361.12821714888327,392.72288407569766,120.74168116927234,51.0
6880.0,330.2394450152911,33.79465827656091,28.319531355386548,51.0
8657.0,144.5101769226075,387.76794815752936,106.52324625362925,51.0
7578.0,430.85249691098045,395.570487749908,246.5171889345574,51.0
8758.0,149.61240965625504,31.52477907120898,239.2958107641884,52.0
8284.0,123.23959907440432,26.172075698960647,232.94438992018254,52.0
8070.0,361.31675521975774,392.53641179034213,126.66172944278618,52.0
6880.0,342.2965156570778,39.788495771237024,19.25005412148804,52.0
8657.0,104.08479976835702,374.21631386930375,72.50120923954734,52.0
7578.0,440.62924340431977,398.27660811205436,240.86219665674594,52.0
8758.0,130.1120918183388,29.78600561715438,245.95792831162257,53.0
8070.0,361.83168407749264,391.9805376074913,97.9082965509707,53.0
8657.0,65.81550220857187,356.7285928612853,99.46701524113207,53.0
7578.0,451.60585908615377,399.7545821653825,219.886617246216,53.0
8758.0,102.40745897155224,31.758275937539835,232.02450743639506,54.0
8070.0,362.9392332065474,390.85057297873504,100.80958556861148,54.0
8657.0,30.455152684433358,335.3856737577321,98.2837694065037,54.0
7578.0,460.56398846624666,402.494827595631,203.13965670313516,54.0
8758.0,72.03386509291354,36.41936943943498,255.0,55.0
8070.0,363.11483610670814,390.68865543444196,123.85620366322019,55.0
9220.0,263.18581952460954,510.4295506404665,248.31696085663796,55.0
7578.0,470.143954232462,404.0250939123994,224.01302005992324,55.0
8758.0,42.71799439401872,51.85789639920202,255.0,56.0
8070.0,365.99402340852095,389.146013275823,133.70114133505803,56.0
9258.0,379.09912469609316,83.38985065377456,20.124827964031006,56.0
7578.0,477.4841883852746,404.89775890239116,251.54185550654708,56.0
8758.0,10.57278620168507,51.68372617693678,246.8982526466751,57.0
8070.0,369.95534867250853,386.06299628164135,126.13152721922035,57.0
9258.0,382.3394824909287,90.17311682917304,51.74986729004793,57.0
7578.0,485.0989091867437,405.55427254429725,250.80260164164315,57.0
8070.0,373.96819743384134,382.71247791670373,126.67544555374825,58.0
9258.0,386.71417500820047,102.88050016709573,51.93064759243075,58.0
7578.0,495.8258391449286,404.577244537911,220.3728763806149,58.0
9368.0,0.3196125853011065,33.60878528099802,78.71836740831824,59.0
8070.0,375.23457225530274,381.8152755301216,134.00931102101103,59.0
9258.0,389.9347184174081,115.34851232726535,30.886113052881786,59.0
7578.0,507.15429651437245,406.18665158460396,255.0,59.0
9368.0,16.102282860930636,30.018549274943158,109.177144453338,60.0
8070.0,375.5588432596713,381.4839304327409,149.3391335770793,60.0
9258.0,393.66653276426206,124.25973074402809,70.60606558758117,60.0
9368.0,29.820987869826872,27.08756537830785,96.37976453275625,61.0
8070.0,379.93682287074944,377.1986767209264,182.8729313933476,61.0
9258.0,399.1949576799069,134.70052632110003,37.991575063644625,61.0
9368.0,37.502474419261624,24.094501044239912,78.31269958582406,62.0
8070.0,383.68193201504795,373.57514945393916,145.81010035018926,62.0
9258.0,407.76334856906385,146.67678557331703,55.446633998258605,62.0
9368.0,43.676493022566,20.063972841955977,85.35721098461289,63.0
8070.0,387.5082175109697,366.98476835519034,165.19005739616722,63.0
9258.0,413.8031204164071,158.56143854280484,71.90585452923938,63.0
9368.0,49.57533181533617,17.215989291188016,52.34238898469944,64.0
8070.0,389.3455586679919,363.5111410899575,190.20454302266256,64.0
9258.0,418.6451676644855,169.56361033853406,74.5882327560487,64.0
9368.0,57.6003023024467,14.81675921915098,6.669518124740719,65.0
8070.0,390.119908473764,362.04313844079695,195.444024326804,65.0
9258.0,419.7551437444793,178.09214585568026,69.57019796400373,65.0
9368.0,69.00859689765178,13.274830517976646,41.10660551633223,66.0
8070.0,392.3779701248797,357.28312808669085,186.1518960079737,66.0
9258.0,420.9770723115266,186.83811889700496,52.946049628590245,66.0
8070.0,396.34409320727025,349.6325350075244,179.90320440419524,67.0
9258.0,420.27974317414566,198.86088024822013,16.607468182692223,67.0
9790.0,99.74374871093525,3.5596105882762625,29.85472028652232,68.0
8070.0,399.88808311767224,339.0659064975308,183.9485767433663,68.0
9258.0,418.4989812893277,211.97038543912927,22.420345073470767,68.0
8070.0,404.2240841599753,326.4156086475992,178.10867930987988,69.0
9258.0,417.6613674281029,223.9552881135171,21.39911238215547,69.0
8070.0,408.12966174815693,316.5512331541893,179.19681341956547,70.0
9258.0,418.838103140609,231.06074108930162,10.606896281773224,70.0
8070.0,411.3614140716009,310.50918844455396,161.1032567383485,71.0
9258.0,419.8302091011203,237.51477119021993,3.0313829909980496,71.0
8070.0,415.475322526257,301.0699726309932,172.79560859859316,72.0
9258.0,420.2521167007234,242.10955454982616,17.54898245415922,72.0
8070.0,420.4541085080794,291.86034885826524,215.18642212898587,73.0
9258.0,420.6194678960405,245.70993820440867,27.04821682439206,73.0
8070.0,424.16209460604097,286.9460297215714,224.19336447996253,74.0
9258.0,420.7533410334411,248.7954899415981,25.964490791263206,74.0
8070.0,427.5823445750619,282.6351828838592,188.8080138537567,75.0
9258.0,420.78241374119955,254.35590945934553,24.25922853069838,75.0
8070.0,433.7383007862302,276.7665905048261,185.8133812624015,76.0
9258.0,424.0746073031785,262.1559234391289,14.035853854622278,76.0
8070.0,438.58721534862354,268.34838990820293,192.02466048010834,77.0
8070.0,443.09388258238783,260.0130443977836,210.67259206862286,78.0
10298.0,433.0304006778603,276.0481335225614,13.748133422299087,78.0
8070.0,445.9868166571191,253.20610172362882,229.77494743934392,79.0
10298.0,438.4953710995157,281.6036841248488,25.830399848556393,79.0
8070.0,450.2764594518917,243.320245880667,219.18204396871755,80.0
10298.0,440.2502354884798,283.682464708709,10.952048901212404,80.0
10397.0,43.09985844970423,510.9128612349045,165.32711831680635,80.0
8070.0,456.621900075564,234.71842149028194,255.0,81.0
10298.0,442.8572983836989,287.6363205921878,6.843939019430465,81.0
10397.0,39.841639217012826,494.1542862910501,143.83259072312237,81.0
8070.0,461.8195991836173,225.00240002123653,255.0,82.0
10397.0,34.92902178811499,483.0319707903323,145.24469642210454,82.0
8070.0,466.5372224321369,217.9227918336373,224.4153299139736,83.0
10537.0,448.69770170054056,295.2039991690811,11.119733026508127,83.0
10397.0,29.256826274977247,475.0277625255876,149.7693883564677,83.0
8070.0,471.26546584548737,209.71806499839732,201.63840122894626,84.0
10537.0,449.2921870166261,296.20561370385303,7.877679494733403,84.0
10397.0,25.29651401513545,469.49807290659663,173.734235836712,84.0
8070.0,476.6544448603332,199.1379620052648,213.00766271902526,85.0
10397.0,21.892185879090874,465.0328573466107,169.7397291934205,85.0
8070.0,483.9232432870249,188.56201640196772,206.88389599626723,86.0
10679.0,452.16672988176475,304.3895873879555,51.92662113207328,86.0
10397.0,19.880191018962723,462.77175130735407,150.85325246286862,86.0
8070.0,488.3135977623018,181.863066440235,203.57876004759785,87.0
10679.0,455.72360525304896,309.6590416574249,47.09969422145027,87.0
10397.0,17.61803995949986,459.69678881687764,133.16789731494552,87.0
8070.0,490.3577117597768,173.65074344399628,208.91970889057868,88.0
10679.0,456.8260445729567,311.5744664681064,43.77168438600911,88.0
10397.0,14.35966562862566,455.16593777069204,135.7672642121271,88.0
8070.0,492.1554659677732,166.0133866988678,171.14492399694856,89.0
10679.0,458.49728835480005,314.77654044089275,45.50301149083126,89.0
10397.0,11.573371792551034,449.779923825355,168.56378120500386,89.0
8070.0,498.9880951306762,157.03010380017923,137.92924321338063,90.0
10679.0,464.56939773356845,322.07149719969766,56.162032825891615,90.0
10397.0,9.935056206386403,440.5574363292211,204.47589844306748,90.0
8070.0,508.17010152973046,148.3468557092001,132.33307798115618,91.0
10679.0,470.71974632052166,328.56921874589483,41.69525343728463,91.0
10397.0,6.965348150511885,430.2349050358464,191.55033446715666,91.0
10679.0,476.8751112302251,336.71115217097355,26.667096180096003,92.0
10397.0,0.5415235834484395,416.4624967211453,213.36976009175078,92.0
10679.0,479.96062731019657,341.660384797928,26.724463661156204,93.0
11039.0,0.5479309734500575,282.0507925147819,83.40343697876799,94.0
11039.0,44.72268721548823,251.74486550866925,92.1322159681483,95.0
11106.0,484.11109640343966,353.5066305035832,10.12781664620648,95.0
11039.0,81.91503885832284,224.14260214250555,84.9441564725025,96.0
11039.0,121.0946101827426,199.02684450808428,38.36737773512853,97.0
11203.0,494.3434487865734,365.22958374027274,32.11298728248725,97.0
11039.0,161.46337286413106,176.6795240779376,66.30078846449817,98.0
11203.0,502.2630541775995,375.4558411401091,37.39159834870293,98.0
11039.0,200.41399628369953,144.24796352715208,79.56466263735422,99.0
