id_particle,x,y,frame,intensity
0.0,288.56580916664836,85.04807989463347,0.0,109.39905362245392
19.0,415.7904207927835,98.65623322909073,0.0,197.03548695579923
21.0,148.79381555387397,31.435647738291323,0.0,195.31230367813015
23.0,30.399963977757807,506.4876351044128,0.0,234.22369442314115
25.0,13.965732536974429,497.9126899209275,0.0,140.26915609595153
30.0,491.81074286015905,252.48233486187723,0.0,100.0003093952092
33.0,426.5443568604712,345.20204289339154,0.0,212.45183182394095
43.0,352.8244779144551,103.02090834102569,0.0,144.4302542838459
45.0,371.5437359617383,78.54739589198971,0.0,160.57638403729726
49.0,394.3966255662764,56.525593426426894,0.0,121.36292356482504
0.0,293.4916061062787,77.24659729025672,1.0,115.33725011635022
19.0,412.763048580458,107.63529171363184,1.0,218.52688260667225
21.0,142.3968364944047,27.861840897619334,1.0,199.50390867850757
25.0,13.604417487080026,509.69352363724084,1.0,143.37913578330594
30.0,497.91361645693354,247.21457613378627,1.0,100.44788148026068
33.0,436.7165369210413,347.05262382390595,1.0,213.0317288824038
43.0,347.0334333509636,95.96629013221832,1.0,133.5259945775555
45.0,369.6130023746421,67.91719780658451,1.0,152.33790776844043
49.0,386.2083706212091,56.77274925247366,1.0,138.29115793832023
0.0,298.5409020866004,69.83834596233905,2.0,132.12109848959435
19.0,413.50543989131074,116.80731693382859,2.0,216.51494664690068
21.0,135.99522301906524,25.334947245844717,2.0,203.89678657511533
30.0,504.20710571964315,243.94183238555098,2.0,94.65310168207901
33.0,447.3266268991607,346.0893190827434,2.0,206.47397524800976
43.0,342.28314785014396,88.18795827410104,2.0,136.42484874011282
45.0,365.17681315033997,58.105490469661085,2.0,152.91813872515303
49.0,379.34174672262844,54.96498480365478,2.0,146.47144237119738
0.0,304.74769859151627,62.03146334020903,3.0,127.69029212529063
19.0,414.9940198664032,125.05779692026191,3.0,218.54046829989414
21.0,129.7398563115892,22.45136037667031,3.0,203.59040474001705
30.0,508.8562181807424,240.5633629078184,3.0,96.53561363717222
33.0,457.68071447070014,346.61753322581205,3.0,197.6934641729863
43.0,338.95578873872415,79.96066636746639,3.0,132.42848535832
45.0,361.75636854403086,48.03016708036656,3.0,156.56527439330324
49.0,371.98998627821055,53.32849556761771,3.0,155.39037490135706
0.0,308.8536840271066,53.62978195578395,4.0,109.57911981412315
19.0,415.3164481514062,133.21615408394987,4.0,214.8529199649946
21.0,122.7470256940663,18.179408566317314,4.0,205.69384369792425
33.0,469.4184717147141,346.8377797647584,4.0,210.81008158697477
43.0,335.8751613027367,71.54793749933765,4.0,121.9075422925632
45.0,357.14454730018423,37.276822794871286,4.0,162.47758353008996
49.0,364.88245253987867,53.20875791631834,4.0,161.1944072437245
0.0,308.8516395811109,45.26766671956187,5.0,107.5622756415275
19.0,417.09942459691416,141.34524031073636,5.0,214.29489578623551
21.0,114.55242737663097,12.922721307963165,5.0,200.67984996655917
33.0,481.03374811121347,346.83725148667395,5.0,205.2832241121214
43.0,333.3392362724016,63.03332900310215,5.0,132.76609528268347
45.0,354.1945056385101,27.692418481853153,5.0,164.46040825602861
49.0,358.7981900959246,52.19762186131699,5.0,149.96698559395952
0.0,309.20806147213017,36.7326456157968,6.0,112.8042507584486
19.0,417.1972818061745,150.17425993829224,6.0,224.1070802245881
21.0,106.25850825773347,7.8793650427417,6.0,212.97876250826639
33.0,490.17118007742414,346.24372959035423,6.0,197.46234344323025
43.0,329.68825380443536,54.30133448350097,6.0,117.47544454672898
45.0,350.9504607047062,18.65980753150106,6.0,187.94551453705347
49.0,351.91436990692466,51.46595348933624,6.0,141.463153360441
0.0,311.1579604002198,27.75407272219014,7.0,128.32207034449206
19.0,417.94854261003417,159.92401046448893,7.0,234.44106952993604
21.0,98.22952359308555,1.95720831814063,7.0,224.0656841476762
33.0,500.50776067544876,343.28492565736326,7.0,209.87214738247434
43.0,325.8123627877406,45.690416824606025,7.0,117.31572427069499
45.0,345.62430730595764,10.07273712970744,7.0,195.80765417924889
49.0,344.2785392780231,51.00126663212063,7.0,139.5651631716028
0.0,315.18601764287234,19.48012787127215,8.0,129.27314692741245
19.0,419.28748056051825,167.8013319188258,8.0,232.4226501474091
33.0,511.28007724775506,340.8792971327217,8.0,207.8020960338935
43.0,323.3211140224764,35.22449253261358,8.0,139.88682505157155
45.0,339.7613250896777,2.177480833235043,8.0,198.3469593500581
49.0,337.4843895992857,53.24415483239308,8.0,138.7122546662559
0.0,318.44050011440635,12.10379537043984,9.0,129.36718281858037
19.0,419.29514641843156,175.84744120512062,9.0,241.5707704677244
43.0,319.44588646069997,25.18436491184731,9.0,139.78690284465648
49.0,329.73694423482044,53.86023147142358,9.0,146.1571889686769
0.0,321.07665920243625,4.548644392325859,10.0,131.98984264322968
19.0,416.0469643135645,183.98744738979633,10.0,235.7780966779049
43.0,316.8880159149585,14.462322553504052,10.0,144.02282165214018
49.0,321.74066878653736,54.65765514524514,10.0,144.90050700763604
19.0,414.19314128864943,192.5186032622827,11.0,250.9042357189605
43.0,312.7067393016957,4.7436152196564905,11.0,127.70150332340455
49.0,314.1790096179541,54.74685365726074,11.0,133.33892580744003
19.0,413.41076707246106,200.53363558651526,12.0,246.638622941239
546.0,227.81307519186217,501.4261216579289,12.0,234.71862627836725
49.0,306.8873046087674,56.15902357587999,12.0,146.78213285399718
19.0,413.9448951132814,206.79834213637486,13.0,236.7800060934698
546.0,227.31610986007408,488.4247243113544,13.0,238.50505058453084
49.0,300.06311919465077,57.63852679065114,13.0,146.41449594417455
19.0,412.6726949097486,212.02273864705728,14.0,242.24139917487267
546.0,228.0153371140605,474.82161054034964,14.0,242.55908832543912
49.0,293.9704700694282,59.3940124636011,14.0,158.7008289954253
19.0,411.38538595674754,215.98844173086766,15.0,230.38107899194605
546.0,230.73408919242223,461.173720940318,15.0,246.84749269811562
49.0,287.1912904888493,61.51746734716425,15.0,151.55385010873005
19.0,409.67784214809785,220.96612224243327,16.0,228.86328114728582
546.0,234.04071106902737,448.13920697657534,16.0,255.0
49.0,280.24070344867346,62.95017452086094,16.0,154.8112268476141
19.0,408.98553377369484,226.64996516250713,17.0,230.6038582129728
546.0,235.96655113317942,434.6810705792731,17.0,255.0
49.0,273.0120799005103,66.38239961105718,17.0,163.88700113589206
19.0,406.3924760826409,232.05140510207377,18.0,221.02018234188904
546.0,233.81198721496045,421.1189553219807,18.0,255.0
49.0,265.961542871855,68.54274853353107,18.0,160.34852439823018
19.0,404.1688595171888,237.81191497646003,19.0,226.63881388548847
546.0,228.07860549159017,408.18951781203134,19.0,255.0
49.0,259.4619313979076,72.13343898563949,19.0,167.2679899457503
911.0,50.468691231163454,6.832702366479216,20.0,213.2144010619674
19.0,401.4594571916822,242.32862861541003,20.0,221.79761900462987
546.0,222.68549396177005,395.3678108607859,20.0,251.76767308654004
49.0,251.0730927040644,75.43449667267306,20.0,181.53232318827807
911.0,55.195104707729556,14.679586958338085,21.0,196.88368131255038
19.0,399.51287072534745,248.21390204007116,21.0,211.23570254981948
546.0,216.4803598233031,383.19947078717513,21.0,244.31717522405793
49.0,243.33699979513483,81.15236277582618,21.0,177.22059055226129
911.0,59.13273264229207,22.199839210795297,22.0,182.88013222689378
19.0,395.545872709463,253.0638560762542,22.0,225.32564762519183
546.0,209.25751591684121,372.46492091845954,22.0,241.48190914118302
1024.0,2.664099238473681,284.6062600629331,22.0,116.14866773690713
49.0,236.60762822235526,84.83892754555973,22.0,166.86293664416462
911.0,63.8528673981693,31.072855778548366,23.0,195.6296230864095
19.0,392.04829047780316,256.08254164515097,23.0,209.85649224411344
546.0,204.4399964831862,359.03671533205255,23.0,253.42330289901588
1024.0,5.4846794782541295,289.32651512018253,23.0,106.58164573601631
1074.0,247.53388293697847,511.32319817604065,23.0,107.460286713298
49.0,229.93571197202303,87.59835016944685,23.0,171.4423386987083
911.0,69.05449682203799,40.38346962374973,24.0,188.66172646112975
19.0,388.2359023961085,259.83930633545873,24.0,202.6621793585922
546.0,196.2985050820447,345.3688560506881,24.0,250.60795279364024
1024.0,6.618250002369962,294.47970022302206,24.0,106.59617518962092
1074.0,249.16855721191493,504.20488721596695,24.0,92.63348800755988
49.0,224.32868845038692,90.42507001607905,24.0,162.9321112709477
911.0,74.78840445547104,49.01524415390064,25.0,180.4868305659357
19.0,385.4376135818562,264.47205178283383,25.0,203.7232783378149
546.0,187.2360797363674,330.39133883737526,25.0,244.76088024406573
1024.0,5.881781854855753,299.1205702781226,25.0,104.62758017088062
1074.0,250.52033168027427,497.7775229184346,25.0,69.85735650625061
49.0,219.71223495752668,93.77437407184448,25.0,158.6374011132288
911.0,78.06467807567148,60.15655258175809,26.0,183.8222862276327
19.0,381.29574284372086,268.96541050141826,26.0,202.5757045251187
546.0,178.89427670436652,315.7163329746577,26.0,224.5891312159517
1199.0,507.55787835227056,123.51645908545969,26.0,140.46608940803335
1024.0,5.966381516861452,303.3320698343593,26.0,115.20577327250781
1074.0,252.0244459630299,490.6172123142255,26.0,68.756713261861
49.0,215.67685541655996,96.22460546099009,26.0,154.97434182309243
911.0,81.12838445845553,67.7819607860875,27.0,185.67903792730257
19.0,376.64489195006036,273.901410440549,27.0,203.55355265710347
546.0,169.3444031361642,301.64076338909365,27.0,230.56834053734184
1199.0,498.96910325867344,130.15417494928133,27.0,121.12850202716787
1024.0,6.437052360677283,307.52986941286395,27.0,118.10289491659594
1074.0,253.56514309587627,485.7974345180401,27.0,68.80350309035215
49.0,213.97631226139265,97.49930383368486,27.0,140.71038764781105
911.0,82.58971925023468,74.40519744269263,28.0,196.02221146709599
19.0,370.6716855262742,278.2570159239404,28.0,194.10100478373795
546.0,161.04104333064703,289.6591419642676,28.0,233.8757788400039
1199.0,488.9182992106686,137.04353664125043,28.0,124.78566196091114
1024.0,6.602155742754966,311.71326259463734,28.0,116.84478943938026
1074.0,254.62560390957623,481.62564095226213,28.0,65.03053778485877
49.0,211.1479319678713,99.25855603010538,28.0,136.6467043801414
911.0,82.86570481732704,81.04033067833748,29.0,197.61032103764865
19.0,364.6325972982491,283.8874246731057,29.0,204.91580340036708
546.0,152.84417326744457,275.89745578324147,29.0,250.18144450717014
1199.0,478.8272380619755,142.4069333683267,29.0,133.40031607891962
1024.0,6.575083666410111,316.1133230935235,29.0,121.3693141338709
1074.0,255.71917612501954,477.61420127837414,29.0,51.21673694344854
49.0,209.5875655010422,100.55398754919884,29.0,129.95309669072108
911.0,80.82614330754359,87.40102662269749,30.0,204.95664921181856
19.0,358.0706814062963,289.24711448823166,30.0,187.47353395964427
546.0,146.75030777936078,261.0002091367899,30.0,255.0
1199.0,470.63007879919934,150.45506147617292,30.0,143.78653029620313
1024.0,6.120511759749004,320.349922985046,30.0,122.84578907388233
1074.0,257.8998806143952,472.8732772526359,30.0,53.328403112488004
49.0,207.7026011275724,101.39573942562959,30.0,124.39731987156587
911.0,77.6766830396798,93.92564537078708,31.0,208.3475596958913
19.0,351.7810967971189,293.7804201654961,31.0,194.22955230184326
546.0,140.0788362091344,246.92608430483392,31.0,255.0
1199.0,461.1226217080361,157.42717288605965,31.0,144.46940165155777
1024.0,6.31765478066551,324.3282177105493,31.0,122.55804397683877
1074.0,259.17347840240814,469.9640663770256,31.0,51.410097178240235
49.0,206.9693948202763,102.02440164478227,31.0,134.16902903878238
911.0,74.14525873393656,99.47784591727394,32.0,203.53536593054332
1442.0,504.31587540120574,390.19298585430306,32.0,146.56090913639517
19.0,344.61401931977093,298.227386662504,32.0,201.39786055964095
546.0,133.08255768896564,233.670389879839,32.0,255.0
1199.0,456.1435799124105,166.31108757163838,32.0,143.31440441239084
1024.0,6.350744132803299,327.59730581694544,32.0,113.06787006297814
1074.0,260.43720164194315,467.9983410456651,32.0,59.3114265779099
49.0,206.2050052785699,102.84202022076722,32.0,160.66846496214254
911.0,71.14905488417055,105.4817311061009,33.0,196.43434042289175
1442.0,493.99329938527285,390.7854047124188,33.0,122.61741852474431
19.0,338.65975667111957,302.48646743913406,33.0,208.1959136477686
546.0,128.01366340395916,218.4023035870937,33.0,255.0
1199.0,450.7443873488442,176.02214572332508,33.0,160.50189641198102
1024.0,6.93017266852805,331.3712282814691,33.0,118.72130096433293
1074.0,261.60741001680043,466.43625134222344,33.0,50.125290090155104
49.0,204.5426831784854,104.67349973326193,33.0,155.07549346102414
911.0,66.90439541609625,109.11971924728726,34.0,192.5840567210534
1442.0,483.2130366328863,395.20970879513794,34.0,118.17681725158654
19.0,331.8286761256347,307.59090495268055,34.0,212.17503283991
546.0,123.44641987903032,203.73470152604133,34.0,246.17717644141365
1199.0,445.2943466448771,183.79119278857848,34.0,166.362236011215
1024.0,7.773596384935932,335.5701139439478,34.0,127.51239646921266
1074.0,262.2600959928998,465.1667315263887,34.0,35.64027268463945
49.0,202.423455026812,106.6394714659188,34.0,156.39262251576994
911.0,63.19402093103363,112.49408623946627,35.0,191.53337354974153
1442.0,472.90695358985573,399.9881463385658,35.0,108.35890073257394
19.0,323.84725656342266,310.44252874277004,35.0,218.42771348811672
546.0,118.67400081676746,187.55157995462145,35.0,255.0
1199.0,440.01046753929063,191.17640631695522,35.0,157.6756032381961
1024.0,8.86377961900345,340.4033845858612,35.0,131.4002027067561
1074.0,262.53422895417646,463.89114248037697,35.0,16.81732362496708
49.0,201.274920090664,107.7606499135503,35.0,156.95130802499858
911.0,60.93521108859775,115.29376035303862,36.0,192.60745969491833
1442.0,465.1035310032834,408.2856975200207,36.0,104.67524297031495
19.0,315.23131499594984,311.64675208252163,36.0,221.3384799268332
546.0,116.00862984631746,169.76299317546992,36.0,230.33000228447654
1199.0,435.2943662754586,198.22272063154836,36.0,147.46370064482355
1024.0,11.352364963417612,346.0022843802192,36.0,148.24680625434166
1074.0,262.8116743819231,461.57385414141294,36.0,20.833616533626536
49.0,199.1610794628553,109.92560559338797,36.0,152.5060806548645
911.0,59.18848624774559,117.53674586603141,37.0,196.04633103874343
1442.0,456.71022738920686,414.2453100636271,37.0,119.62392899112304
19.0,307.084984123137,315.10864352338024,37.0,222.11026693321983
546.0,115.91804723144716,150.95979501183683,37.0,215.80955990756345
1199.0,429.59787337433426,207.6971227279017,37.0,153.59443813866824
1024.0,13.320782524737458,352.00428920191763,37.0,160.25220584362825
1074.0,263.04798195433494,458.08463242416286,37.0,31.86461905934322
49.0,197.3555871270435,111.65428427571106,37.0,150.21572322774333
911.0,56.56308039213299,119.53564649355873,38.0,194.0876204733444
1442.0,446.9657833890742,420.15966492218894,38.0,143.04998908037436
19.0,300.4055110722079,315.139917425177,38.0,223.1785751665375
546.0,118.058917086147,133.42505072555096,38.0,214.4319630274668
1199.0,422.7121958900969,217.14378845543732,38.0,154.60288646354462
1024.0,16.501630847725632,357.59450896106136,38.0,159.2347643189062
1074.0,262.1100280543786,454.43155609617895,38.0,1.4246946549139352
49.0,194.53352784604448,113.81351648299959,38.0,136.89593185922703
911.0,54.65682157743866,121.04135467004195,39.0,195.1574204992903
1442.0,440.04565039317487,428.6807692063581,39.0,141.57455143981218
19.0,292.6549357196536,315.013722932349,39.0,229.19534202540893
546.0,120.53420745167563,116.55964253014876,39.0,221.16154433733445
1199.0,413.77620216443864,225.70559213777477,39.0,137.79214065936293
1024.0,18.02236708140516,362.9102894399298,39.0,155.8380519543807
1074.0,261.2230416680521,450.0946664272956,39.0,3.328454044054052
49.0,191.27083165438538,115.36025047212269,39.0,127.70878494170654
911.0,53.38079836374321,122.34908719551463,40.0,193.25574804900526
1442.0,433.80053615965664,437.617787842986,40.0,153.09549914056436
19.0,285.4946067141665,312.56986928051657,40.0,216.07454048668453
546.0,120.12844124467517,100.10136546142314,40.0,227.02772314761987
1199.0,405.2933164481213,235.66718394026677,40.0,146.8986278630275
1024.0,19.86893243483791,367.6180904647524,40.0,155.1648316266209
49.0,186.98442482178731,116.98170037580559,40.0,121.1499722860266
911.0,52.48396764457516,123.19076505235381,41.0,180.90411848308742
1442.0,424.85170699151126,447.9636679445387,41.0,154.15976121148074
19.0,278.7279839675381,310.9598632267824,41.0,219.5471826675886
546.0,122.90992340750468,83.07255370595719,41.0,218.3157104212887
1199.0,397.3201345904794,247.11346812233097,41.0,150.31120511871848
1024.0,21.716781846301323,372.980922158367,41.0,147.2388017749159
49.0,182.78496401530808,119.5320853623344,41.0,132.57848850270173
911.0,52.02765760175664,123.46767162411821,42.0,177.60304809100697
1442.0,415.83173126811613,459.6772015197194,42.0,154.2750917235141
19.0,273.6243372806784,308.65900943496695,42.0,217.00478348578324
546.0,121.90548764040824,64.67872686290053,42.0,221.47585871832962
1199.0,391.99648702230945,260.0006414298589,42.0,157.51621665235857
1024.0,21.885852426563233,379.63206752600144,42.0,141.84631915489598
1886.0,260.05225853547324,444.33994712350085,42.0,11.684753100835689
49.0,177.7241295784392,121.95626117928835,42.0,129.40892852289429
911.0,51.20134896549972,123.96728707488221,43.0,178.75142782377063
1442.0,409.90779771139995,473.4069480914569,43.0,165.8540160258892
19.0,268.26496869003637,306.7910503159878,43.0,231.25554422367384
546.0,127.63742975009053,47.10077058028565,43.0,209.47510852592487
1199.0,387.2232398724777,272.5655319076323,43.0,128.178778795406
1024.0,22.524229211638758,386.59541655772176,43.0,142.5519212176497
1886.0,259.49611035886267,443.33675330984414,43.0,13.56125325295321
49.0,171.0648554929761,123.29777517494341,43.0,118.35107910738141
911.0,50.791213030198165,124.30322252102586,44.0,169.7693305366062
1442.0,402.78519141710825,486.78324455918477,44.0,162.0012617447796
19.0,261.5585735937031,303.7867537397633,44.0,242.11397685649567
546.0,129.11891796508272,28.01979610450518,44.0,225.83500612421906
1199.0,377.68626852868164,282.95468702114204,44.0,119.84611904034391
1024.0,24.628802909834395,393.0302454903141,44.0,160.6569975367363
1886.0,259.17372078418157,442.71030484354225,44.0,18.375797432798322
49.0,164.88735795414803,125.81156532428793,44.0,128.98338963451678
911.0,50.2034839898244,124.98154599994884,45.0,179.64940071470383
1442.0,398.2061283970742,500.00595930717117,45.0,158.07127616825875
19.0,255.72408841502786,299.1252067795556,45.0,227.65616984728499
546.0,129.88918475471843,8.099743438100798,45.0,213.47483436889263
1199.0,367.0613183143466,293.54412840581716,45.0,121.51663862527116
1024.0,26.548234150640727,401.69880207444714,45.0,154.88191658434476
1886.0,258.9460444784141,442.15912790591585,45.0,17.437099358534265
49.0,157.79840252012605,128.77017166453663,45.0,127.31430566906413
911.0,49.153137834099795,126.47264262398456,46.0,184.14284089103103
19.0,250.10638141918716,295.34969643098395,46.0,226.229444218021
1199.0,358.1523333325761,305.71895779247416,46.0,142.33852816244294
1024.0,27.448203460178846,410.3163747048571,46.0,143.4958616008991
1886.0,258.74439640365296,441.5078635700539,46.0,15.487871746832917
49.0,148.90068388139184,129.49798975481934,46.0,120.69976924774753
911.0,49.07485186666535,126.55648118761422,47.0,191.8580386948076
19.0,245.37357881723779,291.61165857503437,47.0,230.43667938816287
1199.0,349.20094051883166,315.64394030449483,47.0,142.31315468086447
1024.0,27.196981279110137,417.6045883634162,47.0,136.7475623104915
1886.0,258.82355814036276,439.96816522478827,47.0,15.30653317481679
49.0,140.5136434062007,131.6401173972023,47.0,120.80782640279295
911.0,48.39935303540088,127.25112482564855,48.0,203.6450356337831
19.0,242.10453538457895,287.5363127051448,48.0,214.49118157892454
1199.0,339.8214176281663,326.6407128863378,48.0,138.78157086335435
1024.0,27.796026444225017,423.2369185603028,48.0,135.1144532031684
1886.0,258.82773113608346,439.4047367088303,48.0,24.050711429147782
49.0,132.2894953593858,133.88871366964574,48.0,113.08055945924427
911.0,48.21503674569764,127.37633901168097,49.0,216.21614365576588
19.0,238.8793866784581,283.268778648202,49.0,206.7914781986611
1199.0,329.1938622632103,337.5936734580774,49.0,132.8951595509694
1024.0,28.321931107016397,429.25265194419427,49.0,120.95736215411544
1886.0,258.9323038151048,438.9934801422895,49.0,30.252846484985117
49.0,124.14300326916927,134.89739505189692,49.0,111.34028164317822
911.0,47.55190724937063,128.09841668998945,50.0,207.7260249809661
19.0,235.95610239201483,278.45359892710064,50.0,198.68712472264377
1199.0,318.4800305733582,349.34956294878117,50.0,125.20649814417119
1024.0,27.78117277946125,434.3809008292873,50.0,135.7852914823097
1886.0,259.0567559748817,438.2728783511227,50.0,17.788989547310113
49.0,115.28404351398088,137.7643671171243,50.0,117.62195282752617
911.0,46.61537746464664,128.8371340202317,51.0,203.91421693789792
19.0,233.3764641348707,273.7246459451871,51.0,193.78463634323865
1199.0,307.46060149434754,359.42935630040216,51.0,104.00275130478545
1024.0,26.65701084223456,438.1248309547492,51.0,135.7118217566333
2273.0,385.74284788670417,507.6849406421214,51.0,88.33616975244134
1886.0,259.0911137209171,437.8594986305324,51.0,29.09524476178715
49.0,107.13659070373663,140.01576656354115,51.0,106.28147335840788
911.0,45.99281269515333,129.27142027890375,52.0,191.3553906618595
19.0,232.29410876300213,270.07520175126535,52.0,175.10374023751115
1199.0,297.19284279703845,370.1731837158692,52.0,108.46870219763743
1024.0,25.59580753826615,443.96149389333374,52.0,125.07091044773357
2273.0,385.14198524406635,498.2498746254498,52.0,94.26941913955561
1886.0,258.948866546256,437.3347983427381,52.0,10.950293839058222
49.0,97.89465702491314,143.46405054485473,52.0,104.9924125758259
911.0,45.229007377827756,129.55942212766624,53.0,205.68549306691065
19.0,231.22215844161911,266.7985035991941,53.0,171.71526373968658
1199.0,285.5080599100956,380.3351651991849,53.0,87.16516345409987
1024.0,26.151710659868375,449.25736274428164,53.0,128.75833324101882
2273.0,382.18895728024125,489.0919976414429,53.0,88.14290287041221
1886.0,258.1138652132704,435.61573387701714,53.0,14.785889162812698
49.0,88.3343743041693,146.52432763827136,53.0,110.05009003261887
911.0,44.16977254319185,130.10221564384378,54.0,226.27432605687193
19.0,230.0838223667522,264.00836096651597,54.0,174.500286670404
1199.0,272.9363220629839,386.01548991422624,54.0,93.57358458678958
1024.0,26.048218549917767,453.8595566221107,54.0,104.75798549064059
2273.0,375.61675700177574,480.91228726721033,54.0,86.58372934785936
1886.0,257.4694597455216,434.49604693562884,54.0,28.53532637114425
49.0,79.2467888715239,149.57379137104053,54.0,113.59661173446308
911.0,42.8022639926557,130.53176447971904,55.0,232.37292849944467
19.0,227.28367857640524,260.6453432913454,55.0,160.78124024079054
1199.0,261.4539749419711,390.4839025856127,55.0,113.04551760269581
1024.0,25.94950314199929,460.1665390666579,55.0,102.47129265846824
2273.0,368.49810761044074,473.8788103330565,55.0,79.30394254978299
1886.0,257.30865396891613,433.8982316622641,55.0,22.30358239082051
49.0,69.30929356476261,149.82212675164268,55.0,95.7445497964528
911.0,41.640596534192674,130.9652690148112,56.0,206.64358853148525
19.0,224.97952232381667,256.4262774514852,56.0,150.59211866578516
1199.0,250.70410582024493,397.2861691928279,56.0,106.0215705681661
1024.0,26.138591736043253,465.72812977025984,56.0,120.98578886559648
2273.0,362.34063281515824,466.8537436536329,56.0,74.927007234876
1886.0,257.3644882942584,432.5183215568013,56.0,3.3128663495925252
49.0,60.00519754891531,149.74939276096774,56.0,105.35557133399159
911.0,41.382907658127145,131.17363995383087,57.0,236.0743871056375
19.0,222.94422318007156,252.5470680629548,57.0,159.69877842835334
1199.0,240.32771317803335,403.412010981244,57.0,108.65958107839259
1024.0,26.737277997617547,471.23949845898045,57.0,134.33416714351654
2273.0,356.96446329310226,459.06446797542236,57.0,70.28981972595408
1886.0,257.36355249880984,432.5161177873184,57.0,14.511198549767721
49.0,50.48992920196083,147.19288788243458,57.0,98.72976583701927
911.0,40.89823720368041,131.51799237639298,58.0,228.4088834225571
19.0,221.20299400802554,248.85475886410308,58.0,168.6373877232523
1199.0,226.9985605940506,406.6335810499064,58.0,94.63569441872438
1024.0,27.037461547959374,476.3397024976001,58.0,122.48082391000196
2273.0,352.9442627848458,450.1634091807425,58.0,74.70063603030738
1886.0,257.1105631268764,432.24676907758396,58.0,10.284391797359666
49.0,42.751975415167145,146.89999007030232,58.0,84.92616791842866
911.0,39.7581736967587,132.22898701508035,59.0,223.96421578263784
19.0,219.32709537753783,245.34025535854198,59.0,171.77111468557797
1199.0,215.365223171869,411.7633887603122,59.0,87.27857592639393
1024.0,26.83585732620483,482.5677507234707,59.0,128.8229461258339
2273.0,351.4594776459818,439.71815824215884,59.0,76.07789230706916
1886.0,256.74797907459805,431.8831709204797,59.0,9.281503367264026
49.0,35.06038454566352,144.5555811515886,59.0,94.27116921295325
911.0,38.08790133547694,133.28749171671865,60.0,211.70606644420636
19.0,216.48178074502368,240.74602715724603,60.0,151.59839395343238
1199.0,204.44033839033688,416.17213765065736,60.0,87.24467898579047
1024.0,27.216494620342043,488.2874978179613,60.0,129.75187624906576
2273.0,350.37152822990487,430.3165178144063,60.0,77.23712428197693
1886.0,255.7603787681393,430.6760654844434,60.0,9.34198053805507
49.0,28.125132368692704,142.23127942539452,60.0,102.55559087329137
911.0,35.55264126484756,135.23672865153347,61.0,213.21641788179898
19.0,212.195727100219,235.3250015367083,61.0,142.37365436412668
1199.0,192.32438529609985,418.45195089518484,61.0,81.79775903228385
1024.0,28.459651904225552,493.95687553395146,61.0,109.63194196639706
2273.0,347.68920312042604,420.77363263742683,61.0,65.20441263553877
1886.0,255.50468661181705,430.18503365123354,61.0,11.300836667090334
49.0,20.85987689779246,141.01678838451483,61.0,115.0476167940424
911.0,33.969053618180126,135.98399012819127,62.0,217.3945812461951
19.0,207.86085327219777,228.69814581708354,62.0,133.89224849689037
1199.0,179.61500538007573,419.34415725938504,62.0,66.63923422255016
1024.0,29.6231868366448,500.3687440102466,62.0,117.33060465799966
2273.0,345.2626745675479,413.2028803344407,62.0,72.15318558191973
1886.0,255.3969049224784,429.2760285646236,62.0,0.9073863369845512
49.0,13.02391020436012,142.68092182956488,62.0,114.82252894333102
911.0,32.8922795155022,136.69872956811378,63.0,222.3773628041695
19.0,203.98427256528453,222.0577307386859,63.0,126.25994983351875
1199.0,167.05439376841008,419.9757249418838,63.0,68.81247020248585
1024.0,29.857948209364547,505.3249015217133,63.0,104.20858214127918
2273.0,345.23204869645963,406.1483006331613,63.0,68.0142593524082
1886.0,254.9952049808329,426.398403330275,63.0,9.392911191141405
49.0,4.322233536613469,142.63130672107792,63.0,127.91490201165819
911.0,31.678787820880878,137.53299731353184,64.0,238.70943238411746
19.0,199.5982151633206,214.71124286647978,64.0,118.5294450751945
1199.0,154.9458354853261,419.79562702540085,64.0,69.23720909311993
1024.0,30.56941946881019,509.80609960630466,64.0,115.5405594913854
2273.0,345.5083151186411,399.2936052380587,64.0,71.05826203747543
1886.0,255.20221440148038,423.2830788529545,64.0,15.928855786238083
911.0,30.850303081710624,138.08712940476943,65.0,237.5304382808338
19.0,194.64722071850792,208.75728791284092,65.0,99.95739482805853
1199.0,141.36719095465375,419.4809996400815,65.0,79.49311691474081
2273.0,345.35978378684547,392.6091818539019,65.0,68.04379038877852
1886.0,256.07864136766705,419.5874723533558,65.0,19.714350869350476
911.0,28.699033621751965,138.51500955937058,66.0,239.84344543808803
19.0,191.6252073858555,201.85504856892015,66.0,97.36945885447429
1199.0,127.12423886342496,420.54054662559963,66.0,76.59018956620098
2273.0,343.26243992897525,384.34758448346247,66.0,57.3736509256026
1886.0,257.0140293959516,415.79572733498566,66.0,25.233600478528047
911.0,28.51414411718201,138.60788621561738,67.0,241.07462293638022
19.0,191.44461842844856,194.5192352554578,67.0,106.91482280981145
1199.0,111.40083231034245,420.64544877196477,67.0,78.858547849481
2273.0,342.07532103677875,375.817573394813,67.0,55.234669770794596
1886.0,258.29095133873665,412.021532219652,67.0,19.496750811673365
911.0,27.42878406041206,139.2727661354585,68.0,229.9368085527096
19.0,191.66914872701756,190.09341376924908,68.0,101.8278332172565
1199.0,95.29725128625323,424.8656581598833,68.0,83.87738421926898
2273.0,339.41195961422414,369.2446729670349,68.0,70.25409262814985
911.0,25.288540113780346,140.67379638502575,69.0,217.78872228066976
19.0,191.64422147598245,186.7852974483085,69.0,103.31426128600444
1199.0,81.48681445983834,431.9096478279568,69.0,91.24769806241261
2273.0,337.12643464841926,364.34112270247806,69.0,73.65625169957393
911.0,24.87022163324955,140.9325900820272,70.0,204.34221622062557
19.0,191.33419270732654,185.48125168158614,70.0,100.2350505111632
1199.0,67.00627943118958,437.79541772705295,70.0,87.27007652886236
2273.0,336.0071123077178,360.42444902510687,70.0,82.6631975038915
3103.0,259.01802475242624,396.3423097599594,70.0,2.3600569498838704
911.0,24.441145896759952,141.33174753090137,71.0,202.5819284573204
19.0,191.0793975530976,183.8250342223512,71.0,92.512601003702
1199.0,50.2185728388573,443.08081409986255,71.0,96.93507826024768
2273.0,335.06318392996195,357.4125008657963,71.0,85.04699625975238
3103.0,261.6498721188176,392.5716185264169,71.0,7.404383904182758
911.0,24.112239832193392,141.6117629280011,72.0,185.743072219835
19.0,191.1641820294758,182.15812731428127,72.0,90.61273546278686
1199.0,33.79166654235625,447.51607983084114,72.0,99.6309039369715
2273.0,333.9615026107791,355.16927176794775,72.0,93.74890997230902
3103.0,263.36478469852074,389.1019299918066,72.0,12.287669006295006
911.0,23.780678866003527,141.8991835275721,73.0,198.08687276580622
19.0,191.09341030703803,181.0547715535773,73.0,82.38888643736612
1199.0,18.223832165729917,447.6984732354807,73.0,111.71137380866
2273.0,333.17608820941683,354.4692118772282,73.0,102.15541783284972
3103.0,265.0479504554978,386.15368873059873,73.0,10.748356362643733
911.0,23.575466591797344,142.0887870898849,74.0,194.60176234163453
19.0,191.1084362807631,180.3837793726525,74.0,84.35833224796747
1199.0,2.9257018645011694,447.9147125110799,74.0,113.08055394730403
2273.0,331.9923781455459,353.4371559876103,74.0,112.2616136278656
911.0,22.372589426220507,143.5253033373507,75.0,222.10160392654532
19.0,191.13014609969755,180.16369470539087,75.0,89.08160410291107
2273.0,330.9716707722548,352.6760513120047,75.0,113.28322114307728
3329.0,269.2876646317726,380.0035750192741,75.0,8.982355698385927
911.0,22.219499110887465,143.8340432848648,76.0,223.38016306218313
19.0,191.579139658654,178.39531850785514,76.0,93.7835116973915
2273.0,329.5353458406426,351.7606751754336,76.0,138.6160268564765
3329.0,272.989066887016,377.1200346989368,76.0,13.245754101273576
911.0,21.40150257219235,145.38170257913163,77.0,221.6313794038174
19.0,191.78301648364857,176.82836400421502,77.0,74.85887367250945
2273.0,328.7559032353279,351.3121832614105,77.0,133.5930005232547
3329.0,276.9358952412215,373.2534556884796,77.0,19.94833370090248
911.0,20.206993791257986,148.3022590413175,78.0,236.23036251072142
19.0,192.08938046997946,175.69614916994186,78.0,79.06624858105005
2273.0,328.7240437987265,351.2885363640739,78.0,122.81554151459719
3329.0,281.1968315940068,368.9930435436649,78.0,8.64639028812406
911.0,19.460992155495187,149.8072351010458,79.0,247.69046003062647
19.0,192.1438177615304,173.35048909391992,79.0,69.92483043664666
2273.0,328.2578888847267,350.8650408765372,79.0,119.43765605788057
3329.0,284.1491086703814,364.3229994362417,79.0,8.251562785922523
911.0,18.05970608696894,151.51865407906521,80.0,255.0
19.0,191.9625252856424,170.70899137174285,80.0,72.20236779777122
2273.0,325.80348289216545,348.6480351791284,80.0,110.71808661444894
911.0,16.184388566190165,153.72258176172627,81.0,255.0
19.0,191.24254105306252,168.12636535806988,81.0,66.48977043261199
2273.0,321.9616383959352,345.6033409093049,81.0,92.25317858602051
3606.0,290.0916599240848,354.4793507633055,81.0,1.859034218077027
911.0,15.419069997711688,154.59601566260474,82.0,255.0
19.0,190.81914974484593,165.78757905799205,82.0,65.56009311436638
2273.0,319.05413797470044,342.5214861673826,82.0,95.3833405801547
3606.0,295.0907677680916,350.0490245642032,82.0,12.26507665511538
911.0,15.054241512913997,155.2849673413098,83.0,241.8459518661213
19.0,190.1772561732807,163.3546455674833,83.0,61.29353641064923
2273.0,316.2683110798453,339.95188675718117,83.0,87.94385775095756
911.0,14.577357306024032,156.00857917076004,84.0,242.4959865098553
19.0,189.34873757732484,161.06960521299493,84.0,58.1625837958209
2273.0,313.9042622097719,336.7427063415511,84.0,80.55714066888474
911.0,14.02052672580826,156.75292287024882,85.0,253.86539498616014
19.0,187.62659266929543,158.2426537744549,85.0,46.62079989394107
2273.0,311.6819897045515,333.5436248066771,85.0,88.67800729769219
3792.0,309.8398884096899,340.28919724803353,85.0,1.85582014200568
911.0,14.019117123891974,156.7575808633562,86.0,237.8073127198702
19.0,186.40055619636829,155.93748761672717,86.0,51.151340375454716
2273.0,310.13581529328593,330.53164905073805,86.0,80.2959257312447
911.0,13.843310822710409,157.09800610333315,87.0,216.93098891484578
19.0,184.3557407813269,153.3671558402683,87.0,68.10959311519585
2273.0,308.2103471785253,327.91212696733146,87.0,76.77984434420918
3885.0,319.1342018499383,332.9209553380757,87.0,8.701176170110097
911.0,13.449997348353687,157.58394172419202,88.0,222.08896618538103
19.0,182.4798097930481,150.9400472362592,88.0,68.97755940003371
2273.0,307.414286790603,326.6657791706238,88.0,87.498055318747
3885.0,325.8367714161808,329.70252729787194,88.0,2.468644665314951
911.0,13.345301937958567,157.72947126834273,89.0,230.0850890655485
19.0,180.6939754386659,148.3216171073097,89.0,62.32126701109868
2273.0,306.03666653437136,324.6127038016821,89.0,93.63105590296857
3885.0,332.8618336111902,326.5559140712136,89.0,4.530493980529954
911.0,12.813226529591116,158.7074623136707,90.0,226.621198677622
19.0,179.5752998683417,146.49248639880813,90.0,46.7861476363049
2273.0,305.11099773484335,323.07718999616907,90.0,97.17869330176579
3885.0,341.4912893985143,322.81773539097617,90.0,23.49544379255577
911.0,12.339131043678332,160.01001606952377,91.0,230.40204062859718
19.0,178.07663365945993,143.57061956737127,91.0,32.97612218309187
2273.0,304.14286580987977,321.8021964951499,91.0,119.23776649080096
3885.0,349.56707319602293,320.75239686950977,91.0,29.969091754348565
911.0,11.427620927564126,162.19525228222756,92.0,245.71688919650285
19.0,176.11785978666938,140.36980096271654,92.0,43.57206067026645
2273.0,303.0284639272868,320.0903789143158,92.0,129.98779122630754
3885.0,357.1068781188072,318.06522095307446,92.0,15.583788290032492
911.0,11.198128460728089,164.26187187555138,93.0,250.0673451746058
19.0,173.23148892136678,136.8587437253389,93.0,47.93462394029324
2273.0,301.8120289773572,318.4266155499931,93.0,133.9212943689229
3885.0,364.68159216088367,315.5210263163923,93.0,29.43472130204451
911.0,11.019951760589604,165.38429460284573,94.0,245.70393673611187
19.0,169.97371934265013,133.6623560114261,94.0,42.88580677061459
2273.0,300.6571065800574,316.0914037054845,94.0,124.08228851078961
3885.0,371.5438766085479,314.02386992073286,94.0,27.322758622357462
911.0,11.207547497545603,166.5852594259684,95.0,255.0
19.0,166.58589083351183,128.89410752265013,95.0,50.61353428194378
2273.0,298.27096109035176,313.36099896520096,95.0,98.00190434844156
3885.0,377.6775242876439,311.9183547255165,95.0,23.30510159002525
911.0,11.282927447788603,167.21687710977687,96.0,255.0
19.0,163.34097376491633,125.09837752666655,96.0,59.68173952486349
2273.0,294.76934286827856,311.2959514715918,96.0,102.66037649342024
3885.0,384.29285084908616,312.3827694183149,96.0,33.254620522960735
911.0,11.865534276760698,168.96704748096766,97.0,242.1915684095575
19.0,161.38960074990305,122.12040460333974,97.0,66.91032310931688
2273.0,290.86046835100314,308.68515312309637,97.0,97.15860446438852
3885.0,391.03437844620726,312.6055417771644,97.0,25.63705544036114
911.0,12.160083940271182,170.09652064624186,98.0,249.59107116447674
19.0,159.6901700133202,120.16467268625078,98.0,74.22734192321614
2273.0,286.35323125750597,305.7575804814201,98.0,101.85931377759167
3885.0,399.00018103923605,313.14580634008706,98.0,43.25734417172396
911.0,12.252653900070603,170.40967114539822,99.0,249.76142472136203
19.0,158.33474489565637,117.97506169473633,99.0,68.75681443426026
2273.0,280.6258386013147,301.8523732744012,99.0,95.78941890547424
3885.0,404.73319472170544,313.4516072647595,99.0,50.35410549965318
4512.0,478.16089103565616,489.4891339046667,0.0,199.2992754315767
4515.0,313.8510032341985,349.6652745547958,0.0,156.23700287674927
4530.0,510.1862109110605,479.8131391131453,1.0,213.66060555216006
4512.0,498.1096819689442,486.58067465294954,1.0,194.22547473789933
4515.0,296.46443049609337,363.9075748794869,1.0,106.15060208919488
4530.0,499.4014945412679,456.0981537588542,2.0,222.0649601867264
4515.0,276.9424982885979,379.6478350859441,2.0,108.6587208276536
4530.0,486.10826993925434,431.9534912184483,3.0,181.06636175727704
4579.0,509.57366251247015,141.2114579015113,3.0,210.54483794417706
4515.0,255.29467871849718,393.8931216721851,3.0,101.19737634376858
4530.0,470.93620420187904,408.91640897220475,4.0,186.38388641561485
4579.0,502.4655485423933,159.15425640433864,4.0,225.8234795896138
4515.0,231.77131565488915,410.75819720730607,4.0,94.40054610200835
4619.0,71.70460432143413,6.170080926314055,5.0,159.37059038948144
4530.0,456.5927956384095,386.6148106818762,5.0,141.05860695627567
4579.0,494.1307382780959,177.16810998229883,5.0,255.0
4515.0,207.7903445814613,428.5175316221918,5.0,83.17904392285762
4619.0,74.85602382792273,21.91239858486448,6.0,138.4053111370482
4530.0,449.66823108685657,362.1238723002723,6.0,134.8894641011311
4579.0,492.20182101826816,198.4534479881144,6.0,247.68484775270133
4515.0,182.02373179814361,441.48763904665066,6.0,54.04958046750443
4619.0,74.80551831621608,35.83607976042191,7.0,121.6284483429307
4530.0,439.83282074858266,342.0414558154777,7.0,129.5151993965732
4579.0,496.5589165757142,219.49290505960528,7.0,255.0
4515.0,153.4135509070996,450.2184947561767,7.0,75.35487201762245
4619.0,71.98296033825197,49.412459161846954,8.0,126.48120168345953
4530.0,431.75917812005304,320.96439491825043,8.0,154.5483940178718
4685.0,505.32963418009933,261.1916577151981,8.0,170.9932490921403
4579.0,494.2340274402887,241.30721732806094,8.0,255.0
4515.0,128.3612446023673,465.03968115192833,8.0,68.90904820173603
4619.0,69.79206432417523,62.776922104208914,9.0,121.23315256672055
4530.0,425.00000807607813,300.9765503711493,9.0,121.38005579347097
4685.0,485.5355703980852,256.89133746095274,9.0,176.69529955410877
4579.0,487.87428138340385,261.4592673338377,9.0,241.68333776221317
4515.0,106.53653848216744,482.70108039877573,9.0,24.98727022260322
4619.0,66.5490837189603,79.54438821128863,10.0,112.95866713632887
4530.0,410.88482593515175,285.375309894822,10.0,93.16667005697198
4685.0,467.12248740619384,255.3806986951427,10.0,192.68619989182622
4579.0,487.48217480661657,281.7021128419404,10.0,222.63004314039404
4515.0,87.05635788509744,501.1618522453897,10.0,19.634357029088694
4619.0,65.49388824837239,97.96907385904723,11.0,96.2555231228981
4530.0,393.0088212373559,274.8865900871766,11.0,97.64172282304254
4685.0,447.3723753091063,253.09445189694384,11.0,176.25710570004608
4579.0,488.00256829677073,300.89934612261095,11.0,250.92901481719042
4762.0,495.94900080211727,241.7731951480512,12.0,216.4048244339793
4619.0,69.71451233042006,119.00189217877045,12.0,89.99671501260862
4530.0,374.06320039371184,264.6679006369894,12.0,130.52386625495637
4685.0,427.37279279919096,247.9678820668978,12.0,178.79291453652291
4579.0,489.7028669388077,320.66760172045065,12.0,255.0
4772.0,481.3997510620462,508.5787000984428,12.0,114.74178100293017
4762.0,478.0592812827178,240.59579552695538,13.0,218.67146458357294
4619.0,76.97279444599774,138.8733296558976,13.0,118.44805566659026
4530.0,355.46054763722526,254.74220848843584,13.0,152.29422157063965
4685.0,403.6065331068475,243.33056830949351,13.0,172.87104431315723
4579.0,487.3171023713803,340.1579594423412,13.0,255.0
4772.0,485.1736946880729,491.28554011163783,13.0,108.23502643979344
4762.0,463.27762112036385,241.8036007459325,14.0,228.3915610888618
4619.0,87.69989376435453,157.71356931189877,14.0,137.8157878527428
4530.0,339.35210736358135,246.54755128728297,14.0,137.8912812291494
4804.0,9.391005787504877,155.3622253702989,14.0,193.36467272490995
4685.0,382.1875424157248,235.1231649947406,14.0,194.35249443624357
4579.0,483.6968778762259,360.2447783014914,14.0,231.04896474156055
4772.0,487.012413452649,473.1471872570471,14.0,77.75682661643128
4819.0,500.9348425702085,507.0634355981313,15.0,158.6926289611948
4762.0,447.68209644238266,237.42285363491177,15.0,243.11173532533837
4619.0,103.61478732326168,172.90802680541555,15.0,139.0978977692188
4530.0,323.010148275897,240.385969980037,15.0,117.77794548099956
4804.0,31.621238105120447,146.3525345933106,15.0,207.4638866806726
4685.0,360.0159610223675,227.34023397743778,15.0,204.98978665442266
4579.0,480.3058575302291,377.49908040887385,15.0,202.51617999416223
4772.0,491.9475358803879,456.8427751660179,15.0,82.89879003137017
4762.0,429.99107210879293,232.2829157332908,16.0,255.0
4619.0,119.82934872434241,186.13049710879204,16.0,148.10828321801748
4530.0,306.20138286086825,237.3029518932671,16.0,142.04884518584444
4804.0,52.398046626241936,146.87473022107076,16.0,220.42170453199688
4685.0,342.22021209220947,213.9375466454596,16.0,180.7899927851683
4579.0,473.4256807061593,396.5922027296775,16.0,204.41463327648307
4772.0,499.5381102867051,440.38812789739956,16.0,90.06106144222369
4762.0,412.116797089509,227.7734872546673,17.0,252.9047386959297
4619.0,134.9827211237252,196.19444364328177,17.0,121.07952822571261
4530.0,287.8185290343747,234.2154735411864,17.0,143.1265871348688
4857.0,494.7316329249482,323.8627793198283,17.0,108.26211321389675
4804.0,72.97144214852825,143.14198040665033,17.0,203.9403448161662
4685.0,321.93829975247144,202.82015615696915,17.0,161.91192070527617
4579.0,467.856554929513,415.7875753157871,17.0,224.6263822022928
4772.0,506.7053467733966,426.8617510831451,17.0,90.39499863875038
4762.0,395.0139470034473,226.18723881644286,18.0,245.6763085421897
4619.0,150.9131198245318,205.68717074850338,18.0,149.2296358063877
4530.0,267.4493597859148,232.8035356350518,18.0,131.4299848037117
4857.0,470.9043757910829,320.7458627902232,18.0,120.64701508596453
4804.0,90.50524341993557,133.83236147852847,18.0,206.48259009012693
4685.0,302.96821890619486,187.13581531686071,18.0,151.63214020782175
4579.0,461.7547949311005,437.56906470246673,18.0,191.5062414518735
4885.0,12.769609127009463,498.46555039644613,19.0,183.0445730893975
4762.0,376.5558713882721,219.54069874631148,19.0,232.6937947616168
4619.0,165.20284451041263,218.53613631170205,19.0,168.2963493271974
4530.0,245.71244099779037,231.25488148717798,19.0,149.88111124277137
4857.0,445.44128439428914,322.7427254682464,19.0,103.02558422141966
4804.0,107.62154104389336,124.91954776880863,19.0,191.78450070335478
4685.0,284.07808781426115,172.349394809892,19.0,175.93390584612803
4579.0,450.0719211715099,455.6449289282342,19.0,179.05577032396303
4885.0,33.10339453765616,499.139507738983,20.0,159.591043395135
4762.0,357.90136285040296,214.94517679055187,20.0,246.8298937876608
4619.0,180.7282269254649,231.3004893940902,20.0,182.25515802822252
4530.0,222.2330722401996,229.09575017751524,20.0,154.19284613495768
4857.0,421.3786003869727,319.9089311339991,20.0,101.41178967238572
4804.0,126.46094811246262,121.09131733871452,20.0,240.41905242682253
4685.0,264.08768579644396,158.48298783989915,20.0,177.91387168667208
4579.0,437.7871241404073,474.50802393386994,20.0,166.00011433220598
4885.0,52.958121653468204,498.76519406468276,21.0,124.82537349078757
4762.0,341.93904564895024,209.10608494933635,21.0,255.0
4619.0,199.6457200977519,239.24581097161877,21.0,155.78464823810856
4530.0,201.2627478682671,227.535592740404,21.0,141.96661102210746
4857.0,398.4157675647074,312.8934811860321,21.0,110.79825160924489
4804.0,146.05134001385363,114.25761782853928,21.0,228.37054282294133
4685.0,246.96055310029658,139.12105114369922,21.0,176.42706785820712
4579.0,425.80541842407104,493.66500157931614,21.0,210.74568845673042
4885.0,74.06422269597971,501.0378918304506,22.0,117.96438874510228
4762.0,324.22316490651804,205.15655198538872,22.0,255.0
4619.0,214.39589826897185,252.189951404106,22.0,150.4990763772131
4530.0,179.2993883155263,229.32710064499753,22.0,119.85163491739954
4857.0,375.01938647502834,307.0365595809183,22.0,108.27561971004543
4804.0,162.63761706732177,103.34066017283472,22.0,213.76836379756975
4685.0,232.56411812699093,118.50510910652329,22.0,172.52980565127058
4885.0,94.71855798316699,500.8463674540061,23.0,124.37018295115658
4762.0,304.9913835562594,196.4846911370026,23.0,255.0
4619.0,226.27251660528017,267.23997925268003,23.0,153.26512421215836
4530.0,159.91177295428477,237.52598759423594,23.0,129.0261277897416
4857.0,353.1545101492199,293.4528267371163,23.0,119.01058214509588
4804.0,178.04004013380364,93.43725970732233,23.0,217.1466451041715
4685.0,224.95452463736268,95.2385368706648,23.0,135.9363036679157
4885.0,114.70972961025275,505.7702628259653,24.0,100.62975924808237
4762.0,286.37587148965116,188.6411489201793,24.0,252.27489322211605
4619.0,238.38236269373365,280.3426955624092,24.0,182.38686312388955
4530.0,141.1216642855648,251.04755007237276,24.0,148.6741008859528
4857.0,329.7585690159281,278.34095159393894,24.0,123.79939516843756
4804.0,193.6368464021684,81.7428823227096,24.0,219.7774269743719
4685.0,214.7207736795063,74.6435278813459,24.0,160.0062886688496
4762.0,265.67592705127913,186.9103682408432,25.0,243.74408105398544
4619.0,247.59638245886086,297.3418896422025,25.0,228.4573862714288
4530.0,122.25165159816335,268.48009671585226,25.0,137.86938847230374
4857.0,305.2364043405591,268.108534443286,25.0,122.59383234739127
4804.0,212.9821261038629,70.79502104529828,25.0,205.06231850791764
4685.0,203.67295461582412,54.43682886702079,25.0,163.98129084880935
4996.0,52.08007458492196,496.41776016216636,25.0,232.31373466317717
4762.0,246.03339412590887,187.92862443684177,26.0,232.7841156931899
4619.0,255.30549086192272,313.5008495905269,26.0,245.42990259945142
4530.0,100.56821066186562,280.1242018382052,26.0,154.68728637503474
4857.0,280.9043765648092,256.2731219753264,26.0,143.51905274532783
4804.0,230.7674461953847,59.95195776714745,26.0,205.54473486232916
4685.0,190.48640254132104,38.5102198011707,26.0,164.16234612276116
4996.0,49.783388408311325,474.5141739946763,26.0,209.70055608265815
4762.0,228.3364794922629,193.4922291727305,27.0,223.26584809366986
4619.0,261.7681891840243,328.40217711587405,27.0,235.16059410537912
4530.0,75.73854955927597,285.75629277155565,27.0,167.91543472433636
4857.0,256.51637234014214,246.85744831259424,27.0,135.8596107932226
4804.0,249.39365635462232,48.309955547283835,27.0,204.00864148996877
4685.0,176.66586510366417,25.982798271906507,27.0,149.67066306030446
4996.0,49.90142060840251,451.1210538511991,27.0,206.91175705946145
4762.0,211.74799560860143,195.82105644202272,28.0,253.18998651198217
4619.0,268.93162073690604,341.73000149360746,28.0,199.15475485465953
4530.0,49.766657696775496,290.6450708100105,28.0,146.14535269669784
4857.0,232.90863419970057,237.82470725433632,28.0,108.8668982937182
4804.0,267.7722771339187,37.390832775837936,28.0,173.17310207481097
4685.0,164.01181988142957,15.666500467892243,28.0,155.07300571066224
4996.0,44.23086383703805,426.81135285038187,28.0,180.55404685115144
4762.0,196.4509060845462,199.4773760229542,29.0,251.76823271303692
4619.0,274.61138503466833,353.13263626471377,29.0,201.3945028198724
4530.0,25.598440151732223,298.9123146762666,29.0,144.51673273562153
4857.0,207.99618095852423,231.02892053819198,29.0,105.73857083060254
4804.0,284.11929286567414,17.941400021443588,29.0,147.59924649856933
4685.0,152.17403228146378,4.1950422772120675,29.0,177.87271010815573
4996.0,44.07044773906072,400.2602373698973,29.0,193.879016240382
5078.0,412.7225658104035,24.133538519055058,30.0,33.47533253472957
4762.0,182.19954954815017,200.6056592806316,30.0,253.62159582953893
4619.0,283.22930787891397,364.01706544714636,30.0,196.58719000541421
4530.0,3.463643916599416,311.09772689290963,30.0,117.86059255417601
4857.0,181.19436896520688,221.03127155574342,30.0,72.16339186842211
4996.0,44.08666507596215,375.0801614143781,30.0,163.84952850833116
5078.0,403.0965243081239,48.75874304684231,31.0,20.686577400693174
4762.0,168.52859978846354,199.5983534313161,31.0,234.87129593913707
4619.0,288.7443996668397,374.2747776164762,31.0,180.81055316079906
4857.0,155.01357107915777,205.14038892965493,31.0,71.84693631532778
4996.0,44.91767628280979,349.02066142039644,31.0,151.92061272545843
5109.0,11.356823164566302,169.8722517009161,31.0,97.3319915452165
5078.0,401.6935132793626,78.09866039407126,32.0,8.995587729075307
5116.0,290.14382678086207,511.9432600334149,32.0,97.42878507901614
4762.0,156.2518407284016,196.67167431784097,32.0,211.69451729849197
4619.0,291.4635796619766,386.5885830804363,32.0,162.07620334887247
4857.0,129.94742164733424,190.77975674364825,32.0,70.07247044305672
4996.0,37.531963678053685,322.8273766803651,32.0,161.2648221413857
5109.0,27.47123686508249,189.43873765436882,32.0,72.09947198874511
5078.0,396.7521880417879,108.80688746124383,33.0,30.01550152876554
5116.0,312.2580526845259,504.4695444373502,33.0,118.37590221619007
4762.0,145.13867552671542,193.0289245825514,33.0,203.7813389893133
4619.0,293.6372689022798,395.965290556301,33.0,152.53630728387003
4857.0,104.2200707447114,176.05125859730552,33.0,66.90563727490603
4996.0,34.32910352281003,296.5404376566796,33.0,129.45132578199548
5109.0,44.70755558502743,206.49803685121373,33.0,39.768732534687054
5078.0,403.1305106062492,137.28128623591118,34.0,14.291146184831831
5116.0,327.979764819327,488.0166191866802,34.0,114.58836534364293
4762.0,134.4383888998752,188.3153054286989,34.0,178.26716445255633
4619.0,295.59383272008824,404.4753204426158,34.0,157.74359970238433
4857.0,76.95951184201687,162.74868434549106,34.0,51.244367040669836
4996.0,31.43031646814304,266.40754817214463,34.0,118.49789114706341
5109.0,56.84557717044399,225.76580250258738,34.0,31.72082996347151
5078.0,408.8734339133583,164.0876875655518,35.0,15.276529066517675
5116.0,344.73478304457194,470.9373829082329,35.0,66.09757897473031
4762.0,125.32827132592348,183.61598834541607,35.0,196.17521667827023
4619.0,298.5165624478369,412.9927742085344,35.0,120.07943927513631
4857.0,52.02363776776133,145.91314632614825,35.0,55.16626326104051
4996.0,28.44013030498106,236.94156713303255,35.0,124.62661448200954
5109.0,70.33005541946473,245.551327197903,35.0,20.612864944807907
5116.0,358.34912966720594,449.25096427631087,36.0,68.7342092993356
4762.0,115.53979888979975,177.10474935372184,36.0,201.04866407985196
4619.0,301.2211832529707,421.2152593979162,36.0,100.2901873386217
4857.0,26.08364093172521,130.08190863834267,36.0,36.22361752999853
4996.0,26.312129477144985,206.84966084069018,36.0,104.27810359493272
5109.0,82.59642152069897,267.838447392505,36.0,36.372039669050906
5206.0,433.09598429450773,214.34294728981155,37.0,10.1143509157467
5116.0,379.4044719845717,428.2927006266194,37.0,71.81123757603521
4762.0,107.37973207450726,168.52788639821742,37.0,183.65797199172067
4619.0,301.6202244850632,429.4508484794911,37.0,93.49724140465325
4857.0,0.4491596424922726,110.85580251323111,37.0,59.460548225821455
4996.0,29.08241890962079,175.5658078784653,37.0,104.8470417729676
5109.0,100.5682247101609,285.92861805091246,37.0,14.983211671766902
5206.0,441.9523893780416,242.87347454148684,38.0,28.230395964056754
5116.0,399.38221174590785,406.299761044543,38.0,43.263113224525405
4762.0,97.38055759832773,160.97267465218272,38.0,173.3395388784794
4619.0,300.95735384567405,437.39863602765445,38.0,73.53760574062053
4996.0,34.181891180142415,144.07510226447235,38.0,101.40345014770537
5206.0,445.2658823424518,273.3431768915783,39.0,48.7839673931863
5116.0,411.92245803688,378.64996170528366,39.0,38.691953267245005
4762.0,89.61087768069545,151.25621260700407,39.0,183.75893409282116
4619.0,299.2513135640935,448.4859336886838,39.0,82.89845960945487
4996.0,35.039635037246406,113.04119565076435,39.0,130.50210038699828
5257.0,125.03896087007996,321.90530325500947,39.0,35.08307985446364
5206.0,458.85725219831534,299.1331577603572,40.0,74.43588041231293
5116.0,424.67200423616885,351.55755376084323,40.0,84.3519470645308
4762.0,84.4455678638539,143.60108734115042,40.0,228.27364260941653
4619.0,296.6863009353908,457.2372742372014,40.0,70.58387739734125
4996.0,33.97409245650393,80.65658810875833,40.0,118.87590301761644
5257.0,139.0057405441448,340.0586916608402,40.0,8.827358235274556
5206.0,471.58077303288974,325.09456633111,41.0,70.84524044381033
5116.0,437.038930605526,323.22131267934594,41.0,82.70819198425329
4762.0,78.01413467638702,136.66967446701776,41.0,235.3312921089305
4619.0,293.5572950094148,466.61042436160534,41.0,78.34569731741973
4996.0,34.3588133512105,47.263620177379345,41.0,94.23231920965324
5257.0,157.105794173533,353.55027105104455,41.0,24.0113530931271
5206.0,481.4719283493009,352.7420369269033,42.0,56.929335333491565
5116.0,448.48805223196354,298.52533591608415,42.0,80.13403241218779
4762.0,70.2514061873024,128.25319365183768,42.0,236.4364958187767
4619.0,291.76555708780893,474.76036285355144,42.0,74.24247047163931
4996.0,34.440882770339336,16.19442539616819,42.0,87.74877684273493
5206.0,490.3340381094561,380.8422334721506,43.0,66.31854616073369
5116.0,456.9741440388097,273.8619664106624,43.0,64.70568992865256
4762.0,62.88815886810245,119.84807003418834,43.0,230.33788604860717
4619.0,291.0946483204324,483.41229101023146,43.0,91.53960134081876
5334.0,186.7598869062832,381.49064119467806,43.0,0.13979206725512014
5206.0,500.73785399496205,409.2229127137218,44.0,82.56085359514739
5116.0,471.38289688209187,249.934474752841,44.0,93.66933104490332
4762.0,54.390625823605596,111.84511686631903,44.0,209.28825318576648
4619.0,291.68150510284516,492.71130337423455,44.0,104.00927059074746
5334.0,200.04168751341973,397.9516312493436,44.0,16.168838537406106
5206.0,511.3912770113648,437.87455929544785,45.0,125.79603209301757
5116.0,485.72223195877916,227.41276770866455,45.0,93.10120689539244
4762.0,42.62735933974205,104.8686557317602,45.0,188.63410600574116
4619.0,294.187994423488,500.07955170586587,45.0,79.8775951448003
5334.0,214.74825687349193,408.4316435646413,45.0,17.348179031498336
5116.0,501.55280511241045,207.27038177493503,46.0,109.3628877950189
4762.0,31.86947750644537,98.07293269805932,46.0,183.14038752007136
4619.0,297.50783652118184,506.94683493980966,46.0,65.3267379532517
5334.0,228.4561716835674,421.5377461016941,46.0,41.029126735247004
4762.0,19.362392655494265,93.09466307886106,47.0,191.83195281161244
5334.0,247.24923464107817,432.58087522599817,47.0,17.924672612306985
4762.0,6.20251022833315,86.64129409987275,48.0,196.29559081858096
5334.0,265.26067516319034,445.7897239866842,48.0,9.116433659794957
6740.0,125.28896909774448,43.02972291455376,0.0,207.91127266111332
6750.0,399.5626310629651,141.6746870899998,0.0,202.60172469556443
6778.0,44.37977122052632,277.58677596333655,0.0,205.5262934887582
6788.0,247.26650909793602,414.410169910831,0.0,113.62951288761144
6740.0,125.4889104800102,42.7011799240285,1.0,209.01581191994998
6750.0,399.57621356525493,134.94702405056128,1.0,178.25961878833945
6778.0,48.90154743797712,274.6756364560776,1.0,180.14257304782143
6788.0,249.03418723469204,416.5301821387099,1.0,126.39361194559126
6740.0,126.38091899373677,40.97008810349053,2.0,223.98078860604312
6750.0,398.3133403562988,131.72109075532566,2.0,164.19671028220296
6778.0,52.71676141073902,273.21792391023575,2.0,172.0864506973321
6788.0,250.3839034846161,419.41736599701494,2.0,151.9868792925858
6740.0,127.52203460246258,39.202834008607326,3.0,227.54376798628795
6750.0,396.8291269506719,126.63626239338546,3.0,193.1701426744467
6778.0,54.69834132738387,272.79811931299616,3.0,160.6521794260073
6788.0,252.39242987280454,422.5302509436259,3.0,168.8587322615694
6740.0,127.53357025646177,39.18794077919548,4.0,241.81126928933855
6750.0,396.8096317331387,126.49050317816199,4.0,204.74294499585858
6778.0,57.668757147653835,271.99771065999875,4.0,126.80016732166983
6788.0,253.05340081915267,423.37149103012297,4.0,173.15355195117476
6740.0,129.2471855727813,36.28665826114408,5.0,235.63790693650105
6750.0,396.8089891842145,126.47778538400985,5.0,185.92576586891408
6778.0,62.388844027683255,272.51443129803954,5.0,131.18466406916482
6788.0,253.8661042618967,425.6972395038009,5.0,179.90936095713303
6740.0,130.24947253414965,35.29996277604472,6.0,226.92798896655214
6750.0,396.89201935539984,124.96621060701969,6.0,180.69603307068542
6778.0,65.21038995626823,273.7000842526325,6.0,108.61664360665638
6788.0,255.06457679276576,428.2811578298914,6.0,156.16355173512483
6740.0,133.33806975857274,32.10181262539215,7.0,250.33268351569208
6750.0,396.98628252367257,124.19945154811525,7.0,150.4265274611919
7089.0,79.85763668796106,2.0336682173437133,7.0,232.32147443220285
6778.0,65.38762768472981,273.7375159586037,7.0,106.02115346286537
6788.0,256.8725888853189,431.17232674977447,7.0,162.45151999389438
6740.0,137.2298638126805,29.659455448634493,8.0,255.0
6750.0,397.91489949372607,119.84582878589127,8.0,163.30524021997152
7089.0,77.83117229013708,3.1857843676007027,8.0,217.6710898677932
6778.0,65.85409036829807,273.87985076884786,8.0,96.76570427017869
6788.0,261.22430370594566,438.4427915612666,8.0,180.05090541740617
6740.0,143.58228839150433,24.441948269464703,9.0,248.44850065025435
6750.0,398.96163252745293,111.80729012633657,9.0,162.38757118109694
7089.0,73.93075031063144,4.596991342056523,9.0,225.17485126567334
6778.0,65.87343747826678,273.8890033479735,9.0,145.2789338830113
6788.0,265.58752808549207,451.7392523720015,9.0,150.10416622666835
6740.0,152.516945522738,18.246857463306007,10.0,253.9532563898169
6750.0,400.9459802186846,101.634527673033,10.0,156.9044965646463
7089.0,72.05340684762501,5.046814582822612,10.0,215.7201233484821
6778.0,66.58680938501756,274.16634994865746,10.0,141.75925409507346
6788.0,268.99276315868286,464.4676386562662,10.0,154.085137798072
6740.0,161.12504747543085,11.565224570619304,11.0,255.0
6750.0,401.98411774974807,92.50867059723599,11.0,164.53630765602813
7089.0,71.65421704968735,5.119919907464928,11.0,206.8230792763648
6778.0,68.61848281282765,275.04827028372154,11.0,138.6432757230658
6788.0,275.1605660170729,478.6337052329718,11.0,147.8798772014463
6740.0,170.72695798313018,1.7092985507246734,12.0,238.5388484881492
6750.0,402.69615094809717,84.63729235199838,12.0,194.1180906834976
7089.0,69.36179071554628,5.2653264366391355,12.0,208.1191395553321
6778.0,72.76020468708427,276.07304474612346,12.0,166.37017068287025
6788.0,285.4165614912359,491.14706834730083,12.0,147.15417742814455
6750.0,403.7444652524569,79.8786196145477,13.0,174.9856154835575
7089.0,66.30269440421404,5.807140516524765,13.0,219.35147287858905
6778.0,75.96842708835393,275.992704957523,13.0,151.9277471635258
6788.0,292.33193240171994,501.62820645876235,13.0,132.91475663442233
6750.0,404.77867199540975,74.51829753003734,14.0,191.18018118884567
7089.0,61.24610795863011,6.0891305976937735,14.0,222.7988489169617
6778.0,79.6080537985493,275.7515267673594,14.0,128.4836661344314
6788.0,301.79970042567805,511.78920534199636,14.0,130.87168562598848
6750.0,407.131267495075,68.43321528820951,15.0,164.929711851693
7089.0,50.779434856506974,7.099841647446014,15.0,231.5954825376809
6778.0,82.69657754603473,276.26587372561755,15.0,157.9935737072151
7472.0,510.63893787044714,198.82927875275786,15.0,70.62626384345371
6750.0,409.71524259669445,64.81235473623278,16.0,150.72094561560317
7089.0,40.102400926688944,7.934479763395263,16.0,227.81068529924397
6778.0,87.50610280338555,276.9018369078322,16.0,160.29992488256755
7472.0,498.2474769683139,172.12516160903888,16.0,47.200135262415614
6750.0,414.0515675178011,58.19309124908725,17.0,141.9413170537552
7089.0,30.422772990798045,7.425348193349128,17.0,232.98153771967796
6778.0,94.98074891516659,277.31098116039567,17.0,148.3697168619278
7472.0,494.43274512827344,142.30058450477384,17.0,78.79729875590229
6750.0,420.88739170942404,52.109901199529844,18.0,142.8525840169763
7089.0,23.49520499980119,5.0903254599526635,18.0,208.14062593394118
6778.0,103.00536334822277,276.8729241266139,18.0,120.60228466522358
7472.0,487.8857737894795,110.58147150495121,18.0,86.30490116773062
6750.0,424.36778343490363,47.51446841037346,19.0,131.67574364908424
7089.0,13.324543420486508,2.047813114631747,19.0,206.89880337752703
6778.0,107.75867268783814,276.49053099770686,19.0,83.09640366623083
7472.0,490.819260310457,75.95488196172042,19.0,78.05471716742
7664.0,3.3425820638972565,451.01452922069024,20.0,23.791568886641542
6750.0,426.3522327899387,43.88364280588781,20.0,126.71723261680954
6778.0,108.47623872722289,276.42492495638464,20.0,95.54919632728387
7472.0,492.0662752119948,40.17477914391241,20.0,90.56347331579633
7664.0,12.60722583791895,456.6343303145155,21.0,35.65761759280276
6750.0,429.28627505872026,37.804156230839595,21.0,139.78821405346682
7721.0,1.8653348621125412,73.66731670974758,21.0,97.40121629821869
6778.0,111.6460814982596,275.36363360310327,21.0,82.90292735307472
7472.0,487.6374998052769,6.893863202643253,21.0,78.59817380053914
7664.0,18.79943942868783,460.18030339398814,22.0,50.28452874978576
6750.0,431.9571694323809,31.396346889213998,22.0,174.82416050006043
7721.0,12.7765233148147,68.62977553824521,22.0,74.72088687925044
6778.0,114.06096376750943,274.8020790697362,22.0,45.98042866187487
7664.0,22.372457506031573,463.5443062351564,23.0,39.249951383526756
6750.0,432.70457923251683,25.19742753688091,23.0,181.00699532718914
7721.0,20.574994660680165,62.80162625998235,23.0,82.64290326187697
6778.0,116.22122441588566,274.39454101328465,23.0,55.61519651592413
7664.0,27.630974516673064,467.0714631538407,24.0,58.40051851302137
6750.0,434.40306779393563,17.10589961588905,24.0,219.94859652834015
7721.0,26.577295865326697,57.77682774300747,24.0,96.03822377760058
6778.0,118.27957762881488,274.32069974014803,24.0,77.44037401103698
7664.0,29.873363139618867,468.892055611047,25.0,45.67003512623016
6750.0,434.23032725895143,12.304164509063416,25.0,206.82346119115712
7721.0,33.68011526361261,51.843718539630245,25.0,119.03745830020004
6778.0,123.14684609898748,273.8792528285266,25.0,67.27316815452525
7664.0,30.832146428089413,469.6145949598443,26.0,59.78223613589617
6750.0,433.3319574942906,7.927284896271962,26.0,233.04872739983662
7721.0,40.72145789409977,46.2234587826815,26.0,100.89705124250092
7965.0,443.9664130479865,498.89243856321565,26.0,238.17241896367585
6778.0,126.68746244026687,273.74406369880467,26.0,53.34595176601969
7664.0,34.990531902136446,471.27946708528344,27.0,57.820726040057586
6750.0,433.2609819209777,7.720888297536696,27.0,255.0
7721.0,50.4983453249601,42.133256177423334,27.0,143.95246992386197
7965.0,448.79271287901526,486.08485122732714,27.0,248.0676078699639
6778.0,129.1535318678469,273.78927189349406,27.0,85.18950657200213
7664.0,39.66864291953842,472.55663087060327,28.0,48.22668850516614
6750.0,433.13553140578415,5.774304520160117,28.0,255.0
7721.0,57.258720291518344,39.003802613221154,28.0,159.03817032182104
7965.0,458.07241194783063,474.6549798850142,28.0,255.0
6778.0,132.172411880114,274.1757486160018,28.0,64.78243722783635
7664.0,43.460156986483334,473.5177846525402,29.0,17.928717967754956
7721.0,65.83093723161684,34.12332813915008,29.0,178.1587592525021
7965.0,468.4043702981073,458.4569019469589,29.0,255.0
6778.0,133.27979605811015,274.68622677595806,29.0,75.01872804314193
7664.0,47.76919499220722,474.51088365796863,30.0,26.847918147053676
7721.0,73.53763756552208,29.971852771930045,30.0,160.0393157379139
7965.0,478.7023927567509,444.4578017095546,30.0,231.91846423817574
6778.0,134.13461857036677,274.9900069551508,30.0,84.68930235333418
7664.0,48.79817535230569,474.6598397668243,31.0,24.811096372834285
7721.0,78.47611019772772,28.79644459390653,31.0,179.89531038257346
7965.0,483.05768793074225,435.6055825697755,31.0,197.86770083787525
6778.0,134.1836937147788,275.0196550030572,31.0,90.03949563780657
7664.0,49.40944376764229,474.82182010276034,32.0,33.368277765300405
7721.0,87.94150706788173,26.637692145086557,32.0,156.63319736589995
7965.0,485.6018640247899,430.2499755508409,32.0,152.06829613429392
6778.0,136.15022869909606,275.87811394272313,32.0,110.29305112524287
7664.0,51.77919477969738,474.13395640823376,33.0,22.750744244754017
8258.0,70.11569594659707,506.75600901470295,33.0,134.0707947240543
7721.0,102.83154033516101,26.06779542270891,33.0,108.3733834687819
7965.0,486.7315354094192,428.2999169981217,33.0,152.77234482820444
6778.0,137.04269917177794,276.0679924063053,33.0,125.16746305313023
7664.0,54.20112391506321,473.86447112618777,34.0,21.356013753693503
8258.0,58.99829487758789,495.6847394580479,34.0,165.87958791560558
7721.0,114.80807310307922,27.237971661406256,34.0,77.3236940935468
7965.0,488.61097452162613,423.13571482377904,34.0,142.2813232526199
6778.0,140.29336482489688,276.9837880679471,34.0,137.03877823096371
8336.0,413.17216893121815,9.767820124679544,34.0,98.4853694323562
7664.0,54.55426328401442,473.8427896398524,35.0,58.457069769768765
8258.0,48.93045017674559,482.7722589643414,35.0,181.7503515317312
7721.0,125.91941354470279,29.205243352584574,35.0,101.90109803620084
7965.0,490.2709801609317,419.49606046445393,35.0,146.26078040317358
6778.0,140.34835099424353,276.9879404098413,35.0,110.89845456696473
8336.0,406.9164549515007,28.32950997628587,35.0,86.43500462757655
7664.0,56.93473458134518,473.9023115047575,36.0,54.034786177400385
8258.0,36.12568065091523,467.881930002051,36.0,175.05452584563665
7721.0,144.2007228408152,35.64386756163331,36.0,124.07290864964135
7965.0,491.11541498725023,417.77103540832246,36.0,166.89217995612339
6778.0,142.28021391281652,276.8624592025158,36.0,90.42133780573592
8336.0,395.84038038974734,49.88483270083414,36.0,77.80587579154428
7664.0,62.84087157999542,472.4448123195109,37.0,83.76875875097778
8258.0,27.662525242661896,453.46444729705115,37.0,155.8235968955703
7721.0,162.8150376744876,37.47196730498456,37.0,120.40654254820312
7965.0,492.7434090163223,414.5351195692136,37.0,133.49210117798512
6778.0,145.54048733160857,276.80084212683244,37.0,67.1169801989034
8336.0,385.0379712385789,67.22446736250598,37.0,33.62158768026569
7664.0,67.10276884025552,471.40799624142545,38.0,71.09317076378561
8258.0,17.152226678672626,437.2600753780814,38.0,131.1044377912408
7721.0,175.24042839497733,38.482639279654045,38.0,115.05153870403653
7965.0,497.6881561952682,407.95806292523474,38.0,117.22275330739616
6778.0,151.5101031224906,275.43385529559606,38.0,63.24055925612592
8336.0,381.56877423508973,83.9280199844691,38.0,41.379558388627316
7664.0,71.99791613028778,468.85978047947316,39.0,76.64763590394504
8258.0,4.964742851158242,420.89011987127213,39.0,131.063664376031
7721.0,188.53876939877028,40.01619966644805,39.0,85.91822213569941
7965.0,503.64368493026365,394.9974292815686,39.0,123.47154031278015
6778.0,158.04370437681033,274.4012565101018,39.0,55.59245548301301
7664.0,74.22480716450674,467.7499377597136,40.0,76.46085407421951
7721.0,199.47626680644763,41.58483322805851,40.0,79.95084106819725
7965.0,508.6598959989089,382.6971832276105,40.0,118.23492775064803
6778.0,160.75451944266723,273.48018286189216,40.0,36.64418498044206
8601.0,383.2468556344892,109.08321323484981,40.0,13.57694249379545
7664.0,75.39367681736744,467.1426610482367,41.0,92.36946322264515
7721.0,209.78224515842209,43.030413214793626,41.0,103.59686831511351
6778.0,162.43774735211184,273.0833809444452,41.0,56.575755001254514
8601.0,382.4068405259694,121.37293131396332,41.0,13.174930809837718
7664.0,78.6426053458167,465.01027199178736,42.0,91.25645118944304
7721.0,221.69806251449802,42.757070723650095,42.0,122.7085326870614
6778.0,164.01731253003658,273.28241222397213,42.0,68.50997572245262
8601.0,380.59884562443597,136.97849164091878,42.0,27.278767470677277
7664.0,79.72739655162096,464.40810486758244,43.0,101.00028609792462
7721.0,239.02662993329065,42.64093889186766,43.0,109.24703032966227
6778.0,164.1456219937426,273.2991169162379,43.0,72.60924369574988
8601.0,376.57569038445604,148.18868232391452,43.0,47.35785148719957
7664.0,79.80138742378706,464.33457723386476,44.0,119.59942003731734
7721.0,252.48589844325028,45.708773565082254,44.0,89.31020861525545
6778.0,166.650877351531,273.1300367844116,44.0,61.919052767813746
8601.0,373.60163052505965,164.06883230818804,44.0,67.09929454731723
7664.0,81.58105451337428,463.0304595000073,45.0,75.13354195946506
7721.0,264.17805333736817,49.62204906190938,45.0,48.85344871944624
6778.0,172.97000829229304,273.27130586662184,45.0,79.32340660161677
8601.0,376.68252780586755,178.65515818379347,45.0,31.910951194590808
7664.0,84.55151693181703,460.54575225053014,46.0,42.820775455222
7721.0,275.7445370503171,53.36561583001616,46.0,22.885565560782585
6778.0,179.31224195956818,275.9630002644822,46.0,67.90579707339111
8601.0,382.3534361735771,196.57325816084827,46.0,19.19413051869621
7664.0,87.97584548358336,457.27619830076554,47.0,10.346961479634992
6778.0,184.27349762683983,278.41391141446036,47.0,84.53440505295274
8601.0,382.9089626790372,216.61715349164572,47.0,26.72243915621945
8947.0,293.2553884641096,60.483437460686865,48.0,17.33816593585269
6778.0,189.53245247112199,280.5026173903851,48.0,74.79262681673193
8982.0,105.54102653000449,445.56177146819584,49.0,27.73186656428247
8947.0,299.2641055670556,62.09691524851429,49.0,23.689133694874762
6778.0,189.97214619057974,280.63742073438493,49.0,62.02278133354865
9017.0,386.80491212828906,246.39881477926164,49.0,2.458915427571052
8982.0,114.9778388303948,435.6162826713519,50.0,32.10812244993411
8947.0,300.9226486117092,62.32381688591026,50.0,59.016221225893595
6778.0,193.44929998277735,281.17131297778604,50.0,45.02204883087727
9017.0,392.7228607533981,262.2961235603945,50.0,24.533762903097514
8982.0,122.87596217773876,427.9651658570346,51.0,49.51764486394792
8947.0,303.8170160397176,63.10931372663008,51.0,67.14347934878123
6778.0,193.70127170297482,281.29700259724217,51.0,21.382045861068736
9017.0,396.2844503465148,271.9822883700332,51.0,20.157248134743497
8982.0,131.57689567137464,418.8425420602658,52.0,33.080524383885724
8947.0,305.60152851753486,63.49588707982576,52.0,45.4344555336514
6778.0,196.38844491273252,282.2757586033273,52.0,43.450883733287824
9017.0,397.20065232367733,283.47422757048565,52.0,16.990359699206785
8982.0,141.51625960984043,408.9450030369813,53.0,16.671891104035012
8947.0,309.3973994453194,63.79440887161871,53.0,74.75993625212035
6778.0,200.68376627448816,284.9201493592575,53.0,38.4989305830935
9017.0,396.89772262585547,298.4754191261447,53.0,26.58136241252031
8982.0,147.5054979119727,397.03320288276336,54.0,56.12031722220182
8947.0,310.75404853170426,64.18315104011427,54.0,103.0605216415161
6778.0,205.54070826980487,288.14501422107503,54.0,22.152498909333957
9017.0,393.74427358841155,313.69494759396486,54.0,23.44602991942387
8982.0,156.80463236593695,382.2854231522314,55.0,45.524365792354025
8947.0,311.7524200252941,64.61696655407972,55.0,90.39095273208197
6778.0,208.19403511953757,290.77419508971764,55.0,16.153420367457997
9017.0,393.69939962615103,327.27222417246094,55.0,38.041084845626
8982.0,165.04070491706258,372.19650689620187,56.0,39.89057198867284
8947.0,313.9487394163577,66.09675344821694,56.0,82.44562991695983
6778.0,212.24889341176336,295.53166246485694,56.0,4.6739985530849495
9017.0,395.59849591239924,337.4443463470399,56.0,41.34780949860696
8982.0,178.41605647628037,361.89764320188675,57.0,59.68033867201886
8947.0,317.0593354042744,67.80560217363639,57.0,77.26859636402705
6778.0,212.6880737069226,296.29024539989587,57.0,42.3783963692648
9017.0,394.8945524330779,343.59930123957827,57.0,38.14434939196766
8982.0,192.0679608056006,358.07100442254364,58.0,58.84911777271304
8947.0,321.654060181338,68.34376924976495,58.0,88.87138041933457
6778.0,213.9110859241295,297.7926538130122,58.0,19.51273708319384
9017.0,393.4471579095526,349.1706776180034,58.0,13.511156855328537
9438.0,495.98136523774326,2.166527831438663,59.0,240.97999159777882
8982.0,204.34377586165263,353.0021653054544,59.0,25.43727191212509
8947.0,329.7548833129801,70.34487676627846,59.0,108.1137017137709
6778.0,214.80447867866155,298.67433124424815,59.0,19.708399257302904
9438.0,490.92746881351104,11.124108298137934,60.0,222.67743106520774
8982.0,211.94480924235143,351.5341479221923,60.0,13.43426670230463
8947.0,333.88610826314874,71.70236055534126,60.0,79.2299882139547
6778.0,216.0565132094226,299.73623677145036,60.0,11.939336847682604
9438.0,483.18116403053136,23.241911650946726,61.0,248.7244187595792
8982.0,213.61918312489908,351.31254175973817,61.0,15.804438241614054
8947.0,335.4663647362377,73.01320447273427,61.0,81.58368131476993
6778.0,216.25848125532679,299.8633830629101,61.0,51.14668844574392
9438.0,471.8080548881654,32.95138973681008,62.0,255.0
8947.0,339.6928258807705,75.45889662633228,62.0,96.77172643396193
6778.0,217.88035244646713,299.985739607465,62.0,85.09083596311473
9615.0,390.08757645040754,383.02097065289723,62.0,10.385858920451586
9438.0,456.09574693124256,41.90543995876149,63.0,255.0
9627.0,217.45373471820585,350.95998604434146,63.0,1.0703282389549555
8947.0,341.9695263546844,77.61742062205214,63.0,77.22594898388368
6778.0,223.12172745803377,300.8829514979304,63.0,106.21255858052999
9438.0,441.69670102686774,51.84698466031252,64.0,252.10951421015724
9627.0,217.9480649369755,350.9072582022761,64.0,1.2735031970157307
8947.0,344.63397896279923,80.64467253045882,64.0,91.27115662897972
6778.0,225.75399713338317,301.3483525495789,64.0,119.58041914165752
9706.0,505.22927904820426,111.44867514574787,64.0,186.89315629555182
9438.0,422.9318719923843,62.512141180260365,65.0,255.0
9627.0,218.37409209675195,350.975791198796,65.0,29.505168542979302
8947.0,346.8996312121847,83.09923765709165,65.0,76.73202410821186
6778.0,227.8222794090832,302.23654530919595,65.0,115.46795959308824
9706.0,501.43280944746977,110.44641146750489,65.0,178.64474624636622
9438.0,407.3809867601671,75.12673668674978,66.0,239.68779235031693
9627.0,223.67685805649518,353.3755245150439,66.0,42.43008722669092
8947.0,352.8058521247887,90.10149608057564,66.0,95.92171273001904
6778.0,231.7481601666375,302.82812107826743,66.0,97.02191802315433
9706.0,499.0770428144814,109.1751737348412,66.0,215.30348164165218
9438.0,391.86250776136563,85.12619452303947,67.0,237.30510797227575
9627.0,231.5790666248347,357.0597564690249,67.0,45.245069555466245
8947.0,357.790836273301,97.81311864743554,67.0,94.85500609002952
6778.0,233.89719932135745,303.01902598614777,67.0,81.99421902687382
9706.0,498.89743293769305,109.09015281787981,67.0,213.12861647976754
9842.0,395.79586911148215,401.69798201908606,67.0,0.39858186082216535
9438.0,375.0707417324632,93.19224676401923,68.0,255.0
9627.0,240.08446522332315,360.45251228450326,68.0,63.70380528055271
8947.0,359.3156714380121,103.36196274146558,68.0,94.57117548750983
6778.0,235.46590264749085,302.74135707455326,68.0,114.64761111320209
9706.0,497.0420872369989,106.69300753874316,68.0,222.6304965540872
9842.0,396.59354704924607,404.6028966430976,68.0,6.2821074997432955
9438.0,360.21380609248905,100.64156624581898,69.0,249.11302876957146
9627.0,245.4317398651524,364.9000311798096,69.0,53.75674414407338
8947.0,359.6044514310526,106.15433837037374,69.0,109.02342509874796
6778.0,237.74242050002601,302.60558996080067,69.0,96.65816431452299
9706.0,496.28361481959826,104.95534778216364,69.0,237.04818895689286
9438.0,347.8389986108437,108.68824051063537,70.0,255.0
9627.0,251.36680724669674,367.3322685457068,70.0,50.4424922166183
8947.0,359.7922219525364,107.28399841810801,70.0,95.45080394193303
6778.0,238.22314388071746,302.4931864146715,70.0,103.7590509312735
9706.0,493.57380047022417,101.42253299074936,70.0,253.17249072360715
9438.0,330.0040015047693,112.73002453647399,71.0,255.0
9627.0,259.1288363956168,369.7176394869425,71.0,49.09700965744064
8947.0,360.04055335728236,110.33872297973512,71.0,100.4339406957184
6778.0,238.7328977896638,302.43387945747776,71.0,104.12978348297081
9706.0,489.11931768328583,97.91239792456022,71.0,248.8929202156835
9438.0,311.3172429923906,113.96021306774723,72.0,255.0
9627.0,268.28569883370403,371.19389911610415,72.0,36.99716291640045
8947.0,359.9732903068998,111.82558793063619,72.0,117.72443589491724
6778.0,240.9378229290298,302.0971887062261,72.0,104.62748155885726
9706.0,484.67628192852675,94.67380551013028,72.0,255.0
10065.0,403.98676184770983,425.5553952946749,72.0,1.5834441678586124
9438.0,292.9888236035699,108.06080507878038,73.0,255.0
9627.0,274.25374235866457,373.04809183338324,73.0,71.0147922241375
8947.0,360.02985604917683,113.96046016436743,73.0,117.67745307262447
6778.0,241.3697447788052,301.9714463837427,73.0,96.56921711675605
9706.0,480.52831019118213,92.15137440911526,73.0,236.1978892728343
10065.0,403.9047898006919,431.76994001724285,73.0,26.63454480252665
9438.0,277.33800792099856,100.16673686464453,74.0,253.7402590870858
9627.0,278.6758869770103,374.49769847841225,74.0,73.23089831943717
8947.0,360.03090422564856,114.66430961143628,74.0,135.19066211742393
6778.0,242.05358089963556,301.73704670050466,74.0,89.20973048165608
9706.0,477.89120028027855,90.15518618689941,74.0,218.35387170398715
10065.0,404.67554249350053,442.80410390756316,74.0,35.358681266923604
9438.0,263.90107093532976,94.06380783126626,75.0,243.27591273221483
9627.0,283.08938558217,374.8735315249804,75.0,79.26556269791924
8947.0,360.24068554318126,115.62253742766207,75.0,133.73790469217712
6778.0,244.58735703864696,300.5116174925623,75.0,69.35649873776569
9706.0,476.43375623250927,88.58256362871265,75.0,198.80409964712211
10065.0,405.30220021668026,455.961378179256,75.0,35.75902669335527
9438.0,249.18939833707745,88.9162809613567,76.0,238.00536322213117
9627.0,287.297371493496,374.9150864827623,76.0,89.68987196626075
8947.0,360.42266322117183,120.58507212591077,76.0,145.67544364213583
6778.0,251.47288305279022,297.9700802136797,76.0,37.780367859337595
10241.0,408.5784400602464,6.189805406241282,76.0,116.71402738350339
9706.0,471.0498665130638,82.96015280508698,76.0,207.19655397304732
10065.0,403.4477518930991,468.84704299843855,76.0,54.706709446129025
9438.0,232.10766234524556,81.58091107506218,77.0,245.33184080784324
9627.0,294.2115397183373,373.58597062841096,77.0,109.10176679783665
8947.0,361.35532558949706,127.50222570590189,77.0,140.60598537085218
6778.0,261.03890981238783,294.57587417928016,77.0,43.56105331134683
10241.0,399.3115534912686,17.828746438061515,77.0,82.43554010972562
9706.0,463.385608261408,78.42653662812006,77.0,203.1337840186919
10065.0,397.30661798907664,484.37875305196224,77.0,72.27787981693852
9438.0,212.60549525103505,80.29865628902844,78.0,242.28068081825336
9627.0,305.38105200710055,368.66295727279453,78.0,95.62910386215694
8947.0,363.4901878484825,133.83592283485928,78.0,132.83605417200596
6778.0,271.5608424006437,293.5234577968908,78.0,60.65591211154185
10241.0,386.8905158232128,30.313366481441378,78.0,101.69722090197583
9706.0,454.80878269861205,72.91538349934271,78.0,197.42295719968087
10065.0,389.73978156171347,498.6747540113372,78.0,102.15145944570531
9438.0,191.66239862432403,80.057471152812,79.0,231.4576464418341
9627.0,314.37259502343704,362.78875429754845,79.0,113.15124334768709
8947.0,365.83954767713453,138.89316635127165,79.0,118.4031125928118
6778.0,285.0548049680257,291.10258305863084,79.0,39.94285718768714
10241.0,376.1441698852677,41.956291141095576,79.0,75.74960407278391
9706.0,445.00099533890295,67.02412799112867,79.0,181.05232153124862
9438.0,170.4814784754858,83.55992600797549,80.0,202.65412305383816
9627.0,325.09325801104444,356.10923283803527,80.0,94.6368463093894
8947.0,366.3610218728561,140.53164405123127,80.0,134.85586638588865
6778.0,296.85530659701686,288.4389334825782,80.0,31.843714678948473
10241.0,369.0822065336526,57.91952468901256,80.0,118.60999647931956
9706.0,433.8259318394061,60.9154901226639,80.0,216.72080099357993
9438.0,150.02287029069012,91.85189428006227,81.0,191.56040873505813
9627.0,334.03218669101034,348.9781751273608,81.0,76.42708293521497
8947.0,366.4661847379868,140.91315852084006,81.0,144.29107285572633
6778.0,303.43938415296225,285.2663772132966,81.0,42.177569180972014
10241.0,363.95306290121687,78.66092195766666,81.0,131.85351586709336
9706.0,420.2255136981622,52.07096369761909,81.0,198.10137156752359
9438.0,129.3826717363944,100.70610490232161,82.0,175.44815292764517
9627.0,342.4328951387238,341.89696015115385,82.0,64.86356634696337
8947.0,366.490470299241,141.07475377137501,82.0,167.56453946439487
6778.0,306.4721017892057,284.0281917025584,82.0,45.70105771068098
10241.0,364.4859464846631,96.38631529752627,82.0,125.47381759087658
9706.0,410.9744148139643,40.59244213061287,82.0,185.4798551182584
9438.0,110.42528011796446,112.47623462968285,83.0,163.43254634161502
9627.0,355.4865333288012,336.7021289951734,83.0,125.5919214873048
8947.0,367.111181337563,142.63069057430266,83.0,155.89938522616055
10542.0,499.84207539348415,329.79410189769504,83.0,107.28368621618101
6778.0,310.456875222986,281.857508260954,83.0,56.84389499589715
10241.0,363.78880516251564,113.66818299844981,83.0,166.3466784134709
9706.0,403.51642381450876,33.367279605585395,83.0,183.66635162360961
9438.0,96.98658413835345,122.10098903929443,84.0,178.4982138779075
9627.0,371.2735976558274,328.19976567958497,84.0,131.28313793801448
8947.0,367.4299249366077,146.63258226712802,84.0,154.6380735401181
10542.0,488.88139823199975,330.4072957479796,84.0,96.21619329107573
6778.0,313.2372683122333,280.3015916563278,84.0,72.39131955182455
10241.0,360.3366805528703,134.34172629308154,84.0,124.22239298826167
9706.0,395.46917373037775,22.218308906397617,84.0,175.85458461473857
9438.0,82.59071607094437,130.83278118564792,85.0,129.24179509185228
9627.0,393.28678313379646,318.6491471714598,85.0,100.02351716239224
8947.0,367.52595689640407,151.61534806320682,85.0,171.28009386793036
10542.0,476.01863326438405,331.74680769453613,85.0,120.82703770253
6778.0,321.97261890872306,273.8026775856876,85.0,59.49147291039751
10241.0,353.7378093863353,154.89580972985155,85.0,89.83424325290743
9706.0,380.83447806526476,11.70950414448117,85.0,174.31306343838068
9438.0,73.87745228473135,138.72283043611,86.0,119.87005198191127
9627.0,418.55165143317225,314.0351485802058,86.0,132.7608795749814
8947.0,367.53520110034765,154.81941742584652,86.0,185.19340577691344
10542.0,464.8753225081679,332.06479705054704,86.0,135.85066463135033
6778.0,330.40906952900144,265.9567431391393,86.0,63.292446622812044
10241.0,343.65730092985865,172.79759549542578,86.0,114.34462329010522
9706.0,366.3610794963159,0.08232154360190691,86.0,179.57108242379692
9438.0,66.66067434551304,146.03867620016266,87.0,140.35739078588034
9627.0,443.56844295288147,312.5855281803756,87.0,101.04480001520425
8947.0,366.863791060947,161.1933284066163,87.0,210.97815265769208
10542.0,457.15395089237205,332.5944518487508,87.0,147.20518727360547
6778.0,340.39681872914275,258.11197650861527,87.0,74.04416486650653
10241.0,335.45929830029803,191.64218403607882,87.0,121.47619805130266
9438.0,63.76413582185752,148.37020062725844,88.0,134.06867461389854
9627.0,471.93552464752594,317.40143802563944,88.0,105.24471133751847
8947.0,367.07208780997445,165.84936146621482,88.0,215.78838837759375
10542.0,445.4103116612118,334.11667076158636,88.0,170.71939290192742
6778.0,349.9606417554022,248.36608096577746,88.0,28.63526771687293
10241.0,320.5566930994198,210.4379314412031,88.0,111.94425428228695
9438.0,62.21236397675084,149.4193526325217,89.0,141.0490497945861
9627.0,503.4074493112327,322.8175966652639,89.0,89.20452487981046
8947.0,367.1186677742601,169.46510862753604,89.0,233.34482986365273
10542.0,432.984606677395,334.2801207036445,89.0,174.28844587932193
6778.0,358.09780915633667,238.00872334203112,89.0,52.84978575441962
10241.0,302.7273181833516,230.09127752784386,89.0,102.0470146973504
9438.0,58.278853746890775,151.64379427650928,90.0,141.35335535780357
8947.0,368.82747824489223,180.42458382471378,90.0,255.0
10542.0,418.00552998123874,332.39448899142525,90.0,191.22573348293704
6778.0,365.8586706458735,228.9119831780527,90.0,49.27269808995625
10241.0,283.07816672645225,251.41285813460507,90.0,94.99279084099607
9438.0,53.27859740574733,154.9656216586556,91.0,154.4184360013831
8947.0,370.42762515927365,192.8126609033812,91.0,255.0
10542.0,401.19070852001954,326.92019720150813,91.0,155.95387464103212
6778.0,373.77306383971893,220.80191084194396,91.0,48.33714467851339
10241.0,269.57253461944833,280.8266896523162,91.0,121.13765393643874
9438.0,50.74259295228965,156.5347681979377,92.0,171.74690620007766
8947.0,367.01165302180453,205.9105167355291,92.0,255.0
10542.0,385.77854983056835,321.399212875974,92.0,169.21785991923159
6778.0,378.41870116910087,209.3725403824167,92.0,65.62802449986296
10241.0,256.8331224953414,306.89510346721084,92.0,92.63455734474135
9438.0,49.89081117301324,157.19142243991362,93.0,172.6995897346258
8947.0,357.97675985125704,221.71074164475584,93.0,255.0
10542.0,367.46830546240096,318.76726025140266,93.0,181.17157620045307
6778.0,382.7427425144946,194.6980890894342,93.0,32.647904374770356
10241.0,236.91913101384054,331.5886725741231,93.0,101.12762514887103
9438.0,48.253336755409926,157.6900534864503,94.0,174.53810149447014
8947.0,353.06608785364017,237.61439781021863,94.0,255.0
10542.0,344.5394425866638,314.38752642202,94.0,216.76836839557623
6778.0,386.90154615905493,177.46098088504152,94.0,20.560156198480833
10241.0,228.32338902853945,356.6142762746758,94.0,86.16464752801566
9438.0,45.98946004259506,158.3794887251973,95.0,162.50247968752123
8947.0,350.13301212133854,253.8704255616592,95.0,255.0
10542.0,318.58353128321687,312.25982899762,95.0,205.71123222160782
10241.0,214.1598331308943,381.9752825447118,95.0,72.38372224180576
9438.0,44.59251685890949,158.9657462418552,96.0,162.89869084968825
8947.0,350.04093575248044,266.32057802637144,96.0,255.0
10542.0,292.2793743468508,314.7411154004428,96.0,239.84519422089338
11117.0,405.37205181451526,155.74687790275937,96.0,3.912064691612447
10241.0,195.17881475029776,401.1453372618155,96.0,37.82816753858641
9438.0,43.73676762918646,159.16770824343465,97.0,166.32367836922143
8947.0,348.760853878221,277.5098651050619,97.0,255.0
11149.0,440.7112346581116,502.12604977864754,97.0,222.01462544221405
10542.0,263.6496259589778,322.119655173028,97.0,241.25190270010117
10241.0,174.86008734134543,420.9986566055611,97.0,59.37096145603554
9438.0,41.653119210712326,159.20995684338732,98.0,188.09684673766122
8947.0,348.2380368526969,286.8404863598913,98.0,255.0
11149.0,439.2678768279934,475.62831276222346,98.0,229.00008790411596
10542.0,234.1112282291066,328.14493301570593,98.0,222.1611467985859
10241.0,164.05751560270394,448.01933222330257,98.0,73.10150708939807
9438.0,37.71524460514719,158.59908211862296,99.0,150.42759147101003
8947.0,348.9672710746115,296.82631308859897,99.0,212.5597101553285
11149.0,432.1844184010542,451.47279654791976,99.0,203.16027902679795
10542.0,202.20276002352696,337.7495215292153,99.0,241.55357697870193
11252.0,437.34525220436115,122.46965706884141,99.0,8.83195315636075
10241.0,151.60814867448923,470.01553968121243,99.0,76.59340044378284
