track_id,x,y,frame
0,474,206,12
1,341,247,12
2,551,282,12
0,470,208,13
1,348,244,13
2,538,281,13
0,461,208,14
1,356,241,14
2,524,280,14
0,456,209,15
1,362,239,15
2,512,279,15
0,450,209,16
1,366,238,16
2,500,279,16
0,445,210,17
1,370,237,17
2,490,278,17
0,440,211,18
1,375,234,18
2,478,278,18
0,436,212,19
1,378,232,19
2,467,277,19
0,436,212,20
1,380,231,20
2,459,276,20
0,436,212,21
1,383,231,21
2,446,272,21
0,428,213,22
1,387,229,22
2,436,271,22
0,417,213,23
1,390,227,23
2,429,271,23
0,405,218,24
1,393,225,24
2,420,264,24
3,701,312,24
0,395,222,25
1,396,222,25
2,413,255,25
3,696,308,25
0,389,224,26
1,399,220,26
2,407,246,26
3,689,306,26
0,385,228,27
1,401,219,27
2,399,237,27
3,685,304,27
0,384,230,28
1,404,218,28
2,393,228,28
3,681,303,28
0,387,234,29
1,410,225,29
2,391,226,29
3,675,302,29
0,391,237,30
1,415,233,30
2,384,219,30
3,669,298,30
0,397,246,31
1,416,242,31
2,381,214,31
3,664,295,31
0,401,252,32
1,416,248,32
2,380,211,32
3,658,294,32
0,401,250,33
1,420,252,33
2,382,211,33
3,651,292,33
0,402,245,34
1,425,248,34
2,385,212,34
3,644,290,34
0,404,240,35
1,430,243,35
2,388,213,35
3,637,289,35
0,404,234,36
1,431,238,36
2,389,214,36
3,631,289,36
0,404,230,37
1,431,237,37
2,389,215,37
3,624,289,37
0,404,226,38
1,432,233,38
2,390,215,38
3,616,288,38
0,404,223,39
1,436,230,39
2,390,216,39
3,610,284,39
0,403,219,40
1,440,228,40
2,389,215,40
3,603,281,40
0,402,217,41
1,444,227,41
2,390,215,41
3,597,280,41
0,401,216,42
1,447,223,42
2,391,214,42
3,590,278,42
0,400,215,43
1,452,223,43
2,392,214,43
3,583,274,43
0,401,214,44
1,456,221,44
2,391,214,44
3,577,270,44
0,402,214,45
1,457,218,45
2,391,213,45
3,571,267,45
0,404,214,46
1,458,216,46
2,391,213,46
3,564,267,46
0,405,214,47
1,459,214,47
2,392,214,47
3,558,264,47
0,406,215,48
1,460,214,48
2,393,215,48
3,552,262,48
0,406,216,49
1,458,212,49
2,393,217,49
3,547,261,49
0,407,217,50
1,454,211,50
2,394,218,50
3,542,261,50
0,410,217,51
1,448,210,51
2,395,219,51
3,537,257,51
0,412,217,52
1,441,209,52
2,395,218,52
3,531,255,52
0,413,217,53
1,438,207,53
2,395,219,53
3,527,253,53
0,410,216,54
1,429,208,54
2,391,218,54
3,522,253,54
4,666,302,54
0,408,215,55
1,421,209,55
2,389,218,55
3,517,252,55
4,660,301,55
0,408,215,56
1,413,211,56
2,387,218,56
3,512,250,56
4,654,298,56
0,407,217,57
1,405,215,57
2,387,218,57
3,508,249,57
4,648,295,57
0,405,216,58
1,399,215,58
2,387,218,58
3,504,248,58
4,640,291,58
0,406,219,59
1,395,218,59
2,387,218,59
3,499,248,59
4,635,289,59
0,406,220,60
1,392,219,60
2,389,217,60
3,495,248,60
4,631,285,60
0,404,220,61
1,387,218,61
2,388,217,61
3,491,246,61
4,626,283,61
0,405,220,62
1,383,219,62
2,388,218,62
3,490,243,62
4,623,280,62
0,406,220,63
1,379,217,63
2,388,218,63
3,487,241,63
4,620,277,63
0,404,220,64
1,377,216,64
2,389,218,64
3,485,239,64
4,617,275,64
0,406,220,65
1,373,215,65
2,388,218,65
3,482,238,65
4,614,272,65
0,411,220,66
1,362,212,66
2,388,218,66
3,479,236,66
4,613,271,66
0,414,220,67
1,352,210,67
2,388,218,67
3,476,234,67
4,611,269,67
0,417,220,68
1,343,207,68
2,388,218,68
3,473,236,68
4,608,265,68
0,419,220,69
1,331,205,69
2,388,218,69
3,470,235,69
4,605,264,69
0,421,220,70
1,320,203,70
2,388,218,70
3,469,233,70
4,603,260,70
0,421,220,71
1,309,201,71
2,388,218,71
3,468,229,71
4,601,257,71
0,421,220,72
1,299,200,72
2,388,218,72
3,468,226,72
4,600,254,72
0,422,223,73
1,289,199,73
2,388,218,73
3,466,224,73
4,596,251,73
0,424,226,74
1,281,199,74
2,388,218,74
3,466,223,74
4,593,249,74
0,427,225,75
1,273,199,75
2,388,218,75
3,464,221,75
4,591,245,75
0,431,223,76
1,266,199,76
2,388,218,76
3,463,218,76
4,588,242,76
0,434,222,77
1,261,200,77
2,388,218,77
3,463,218,77
4,586,240,77
0,437,221,78
1,257,201,78
2,388,218,78
3,462,217,78
4,584,238,78
0,440,220,79
1,254,202,79
2,388,218,79
3,464,216,79
4,583,235,79
0,441,218,80
1,253,203,80
2,388,218,80
3,466,212,80
4,582,232,80
0,446,215,81
1,251,204,81
2,388,218,81
3,463,211,81
4,581,230,81
0,449,214,82
1,250,205,82
2,388,218,82
3,461,210,82
4,579,227,82
0,452,212,83
1,251,207,83
2,389,218,83
3,460,209,83
4,578,223,83
0,459,209,84
1,256,209,84
2,390,218,84
3,461,206,84
4,577,222,84
0,463,207,85
1,257,211,85
2,391,218,85
3,460,204,85
4,576,222,85
0,469,202,86
1,263,213,86
2,393,218,86
3,461,201,86
4,576,222,86
0,472,200,87
1,269,215,87
2,396,219,87
3,461,199,87
4,576,220,87
0,474,198,88
1,272,216,88
2,398,219,88
3,462,197,88
4,577,219,88
0,476,195,89
1,277,217,89
2,400,219,89
3,473,196,89
4,578,216,89
0,482,194,90
1,280,219,90
2,402,219,90
3,480,195,90
4,579,215,90
0,487,194,91
1,284,220,91
2,403,219,91
3,486,195,91
4,582,211,91
0,492,193,92
1,288,222,92
2,401,216,92
3,489,193,92
4,584,211,92
0,496,191,93
1,293,223,93
2,402,214,93
3,494,191,93
4,587,206,93
0,500,190,94
1,299,225,94
2,398,216,94
3,498,189,94
4,589,204,94
0,504,189,95
1,308,227,95
2,398,214,95
3,501,189,95
4,591,202,95
0,507,189,96
1,313,229,96
2,398,214,96
3,505,189,96
4,593,200,96
0,508,188,97
1,320,231,97
2,398,213,97
3,506,188,97
4,595,197,97
0,511,187,98
1,326,232,98
2,398,213,98
3,510,186,98
4,597,195,98
0,515,184,99
1,331,234,99
2,398,213,99
3,513,184,99
4,599,193,99
0,517,185,100
1,336,235,100
2,398,214,100
3,516,184,100
4,603,192,100
0,519,185,101
1,345,236,101
2,394,215,101
3,519,185,101
4,605,190,101
0,522,184,102
1,351,237,102
2,392,217,102
3,522,184,102
4,608,189,102
0,526,182,103
1,359,239,103
2,391,220,103
3,525,182,103
4,611,187,103
0,529,180,104
1,367,240,104
2,387,224,104
3,529,180,104
4,614,186,104
0,532,179,105
1,373,241,105
2,387,224,105
3,532,179,105
4,616,184,105
0,536,176,106
1,381,240,106
2,391,225,106
3,536,177,106
4,620,182,106
0,536,175,107
1,389,239,107
2,394,225,107
3,537,175,107
4,622,181,107
0,540,174,108
1,396,238,108
2,396,222,108
3,541,174,108
4,625,180,108
0,544,173,109
1,402,236,109
2,396,219,109
3,544,173,109
4,629,179,109
0,548,174,110
1,409,234,110
2,396,216,110
3,548,173,110
4,631,178,110
0,552,173,111
1,415,233,111
2,387,212,111
3,552,173,111
4,635,176,111
0,555,172,112
1,422,233,112
2,383,211,112
3,555,172,112
4,637,175,112
5,442,240,112
0,558,171,113
1,430,234,113
2,382,212,113
3,558,171,113
4,639,175,113
5,449,245,113
0,562,170,114
1,438,234,114
2,380,213,114
3,562,170,114
4,642,173,114
5,454,246,114
0,566,168,115
1,446,235,115
2,380,215,115
3,566,168,115
4,645,171,115
5,468,250,115
0,569,168,116
1,454,236,116
2,380,217,116
3,569,168,116
4,648,170,116
5,480,251,116
0,572,167,117
1,462,237,117
2,382,218,117
3,572,167,117
4,650,169,117
5,490,253,117
0,577,165,118
1,470,238,118
2,383,220,118
3,577,165,118
4,654,167,118
5,501,253,118
0,580,164,119
1,478,239,119
2,382,221,119
3,580,164,119
4,658,166,119
5,511,253,119
0,583,164,120
1,486,240,120
2,383,222,120
3,583,164,120
4,660,164,120
5,519,254,120
0,587,163,121
1,486,240,121
2,384,222,121
3,587,163,121
4,664,163,121
5,531,255,121
0,590,162,122
1,486,240,122
2,385,222,122
3,590,162,122
4,668,163,122
5,541,257,122
0,594,160,123
1,486,240,123
2,389,221,123
3,594,161,123
4,671,161,123
5,552,258,123
0,598,160,124
1,486,240,124
2,391,221,124
3,598,160,124
4,674,160,124
5,562,258,124
0,601,159,125
1,486,240,125
2,395,221,125
3,601,159,125
4,677,159,125
5,570,259,125
0,603,159,126
1,486,240,126
2,397,219,126
3,603,159,126
4,680,158,126
5,577,260,126
0,605,158,127
1,486,240,127
2,398,218,127
3,605,158,127
4,683,158,127
5,583,260,127
0,608,158,128
1,486,240,128
2,398,219,128
3,608,158,128
4,686,157,128
5,591,263,128
6,632,249,128
0,611,155,129
2,396,219,129
3,611,155,129
4,688,156,129
5,601,266,129
6,623,247,129
0,613,155,130
2,396,220,130
3,614,155,130
4,691,155,130
5,609,267,130
6,614,248,130
0,616,153,131
2,394,220,131
3,617,153,131
4,695,154,131
5,618,261,131
6,602,249,131
0,619,153,132
2,392,222,132
3,619,153,132
4,698,150,132
5,626,261,132
6,595,248,132
0,621,152,133
2,391,224,133
3,622,152,133
4,701,150,133
5,634,261,133
6,589,247,133
0,624,151,134
2,391,225,134
3,624,151,134
4,704,150,134
5,644,264,134
6,581,242,134
0,626,151,135
2,390,225,135
3,626,151,135
4,706,150,135
5,652,267,135
6,574,238,135
0,628,151,136
2,390,225,136
3,628,151,136
4,709,148,136
5,660,268,136
6,568,235,136
0,629,149,137
2,390,225,137
3,629,149,137
4,710,148,137
5,668,269,137
6,564,233,137
0,631,149,138
2,392,225,138
3,631,149,138
4,713,146,138
5,680,270,138
6,554,231,138
0,633,148,139
2,396,225,139
3,633,148,139
4,715,145,139
5,688,270,139
6,546,228,139
0,634,146,140
2,398,225,140
3,635,146,140
4,717,146,140
5,698,275,140
6,540,227,140
0,637,143,141
2,399,224,141
3,637,143,141
4,718,145,141
5,707,277,141
6,531,227,141
0,639,141,142
2,400,224,142
3,639,142,142
4,719,144,142
5,713,276,142
6,520,225,142
0,641,139,143
2,401,225,143
3,641,139,143
4,719,143,143
5,721,275,143
6,514,224,143
0,645,140,144
2,403,226,144
3,645,140,144
4,721,143,144
5,735,271,144
6,503,220,144
0,648,139,145
2,404,227,145
3,648,139,145
4,721,143,145
5,745,271,145
6,496,220,145
7,650,280,145
0,649,139,146
2,406,227,146
3,649,139,146
4,721,143,146
5,753,271,146
6,486,219,146
7,642,280,146
0,651,141,147
2,408,228,147
3,651,141,147
4,721,141,147
5,762,273,147
6,478,218,147
7,629,277,147
0,653,141,148
2,410,231,148
3,653,141,148
4,721,141,148
5,762,273,148
6,469,218,148
7,622,273,148
0,655,141,149
2,412,234,149
3,655,141,149
4,721,141,149
5,762,273,149
6,460,215,149
7,614,272,149
0,658,140,150
2,415,235,150
3,657,140,150
4,721,140,150
5,762,273,150
6,451,216,150
7,604,270,150
8,445,229,150
0,660,139,151
2,418,237,151
3,660,139,151
4,720,140,151
5,762,273,151
6,445,219,151
7,595,269,151
8,447,230,151
0,661,139,152
2,421,238,152
3,661,139,152
4,718,140,152
5,762,273,152
6,439,224,152
7,587,267,152
8,451,231,152
0,663,137,153
2,425,238,153
3,663,137,153
4,716,142,153
5,762,273,153
6,432,230,153
7,577,266,153
8,455,234,153
0,665,136,154
2,432,237,154
3,665,136,154
4,713,143,154
5,762,273,154
6,425,234,154
7,568,264,154
8,456,236,154
0,667,135,155
2,438,237,155
3,667,135,155
4,708,144,155
5,762,273,155
6,418,236,155
7,561,263,155
8,456,239,155
0,670,134,156
2,446,236,156
3,670,134,156
4,702,143,156
6,408,230,156
7,552,262,156
8,463,242,156
0,675,135,157
2,451,238,157
3,675,135,157
4,695,144,157
6,402,227,157
7,545,262,157
8,465,243,157
0,677,136,158
2,456,239,158
3,677,136,158
4,688,144,158
6,397,223,158
7,534,263,158
8,468,243,158
0,679,136,159
2,463,242,159
3,679,136,159
4,682,144,159
6,378,212,159
7,526,262,159
8,470,246,159
0,679,137,160
2,468,243,160
3,679,137,160
4,677,143,160
6,368,208,160
7,520,261,160
8,482,246,160
0,679,139,161
2,472,244,161
3,679,138,161
4,672,142,161
6,357,206,161
7,508,260,161
8,489,247,161
0,679,141,162
2,477,246,162
3,679,141,162
4,668,142,162
6,349,203,162
7,498,258,162
8,501,250,162
0,680,144,163
2,481,250,163
3,680,144,163
4,667,144,163
6,341,202,163
7,490,255,163
8,507,254,163
0,679,142,164
2,485,254,164
3,680,142,164
4,668,142,164
6,335,202,164
7,483,253,164
8,509,256,164
0,679,142,165
2,487,256,165
3,680,142,165
4,667,143,165
6,331,202,165
7,475,252,165
8,508,257,165
0,679,142,166
2,487,258,166
3,680,142,166
4,666,145,166
6,321,203,166
7,467,252,166
8,509,256,166
0,680,142,167
2,485,259,167
3,681,142,167
4,666,146,167
6,315,202,167
7,457,253,167
8,511,255,167
0,680,140,168
2,487,259,168
3,681,140,168
4,667,144,168
6,310,203,168
7,454,256,168
8,518,251,168
0,674,140,169
2,490,259,169
3,674,140,169
4,665,143,169
6,300,202,169
7,452,257,169
8,527,252,169
0,676,135,170
2,478,258,170
3,676,136,170
4,662,142,170
6,291,201,170
7,451,256,170
8,535,252,170
0,678,131,171
2,469,258,171
3,678,132,171
4,660,141,171
6,285,200,171
7,450,256,171
8,543,252,171
0,682,125,172
2,469,255,172
3,682,125,172
4,658,141,172
6,276,200,172
7,450,252,172
8,550,252,172
0,682,123,173
2,467,256,173
3,682,123,173
4,656,141,173
6,267,201,173
7,446,254,173
8,556,252,173
0,682,121,174
2,466,252,174
3,683,121,174
4,654,140,174
6,260,200,174
7,445,249,174
8,561,252,174
0,688,121,175
2,478,254,175
3,687,120,175
4,652,141,175
6,252,199,175
7,441,247,175
8,568,254,175
0,692,122,176
2,486,256,176
3,691,121,176
4,650,143,176
6,244,199,176
7,421,243,176
8,576,255,176
9,694,132,176
0,695,121,177
2,492,257,177
3,694,120,177
4,624,157,177
6,236,198,177
7,406,245,177
8,581,255,177
9,698,130,177
0,699,108,178
2,499,260,178
3,698,110,178
4,610,163,178
6,228,197,178
7,394,248,178
8,587,257,178
9,698,130,178
0,701,93,179
2,504,262,179
3,700,95,179
4,603,162,179
6,222,195,179
7,385,250,179
8,594,261,179
9,698,130,179
0,701,85,180
2,509,263,180
3,701,86,180
4,598,163,180
6,215,195,180
7,377,251,180
8,602,263,180
9,698,130,180
0,703,91,181
2,517,265,181
3,702,91,181
4,592,165,181
6,207,194,181
7,367,251,181
8,612,264,181
9,700,128,181
0,703,106,182
2,525,266,182
3,703,104,182
4,588,167,182
6,201,193,182
7,357,249,182
8,619,264,182
9,703,126,182
0,705,117,183
2,531,267,183
3,705,116,183
4,585,167,183
6,195,193,183
7,350,249,183
8,625,265,183
9,704,125,183
0,697,122,184
2,540,271,184
3,698,121,184
4,581,167,184
6,189,193,184
7,342,248,184
8,633,266,184
9,699,124,184
0,698,125,185
2,546,271,185
3,699,124,185
4,576,169,185
6,182,193,185
7,333,247,185
8,640,268,185
9,700,124,185
0,699,126,186
2,551,273,186
3,700,125,186
4,573,169,186
6,177,193,186
7,327,246,186
8,645,269,186
9,701,124,186
0,702,124,187
2,556,276,187
3,702,123,187
4,568,170,187
6,168,192,187
7,318,245,187
8,654,270,187
9,703,121,187
0,703,113,188
2,563,279,188
3,703,114,188
4,562,170,188
6,163,192,188
7,310,245,188
8,661,272,188
9,704,111,188
0,703,114,189
2,570,283,189
3,703,115,189
4,555,171,189
6,154,191,189
7,300,245,189
8,671,273,189
9,704,112,189
0,704,118,190
2,575,287,190
3,704,118,190
4,550,172,190
6,147,190,190
7,291,243,190
8,678,275,190
9,705,116,190
0,701,105,191
2,579,291,191
3,702,107,191
4,546,172,191
6,142,189,191
7,284,241,191
8,683,276,191
9,702,104,191
0,702,113,192
2,582,295,192
3,703,114,192
4,543,173,192
6,138,188,192
7,279,239,192
8,687,279,192
9,703,111,192
0,703,117,193
2,588,297,193
3,703,118,193
4,537,176,193
6,132,188,193
7,270,237,193
8,690,282,193
9,704,116,193
0,703,119,194
2,592,299,194
3,703,119,194
4,530,178,194
6,125,186,194
7,265,235,194
8,692,284,194
9,704,118,194
0,703,121,195
2,597,303,195
3,703,121,195
4,526,179,195
6,120,185,195
7,259,234,195
8,697,287,195
9,703,120,195
0,703,120,196
2,605,304,196
3,703,120,196
4,520,179,196
6,115,186,196
7,252,232,196
8,704,291,196
9,703,120,196
0,695,120,197
2,612,307,197
3,695,120,197
4,515,179,197
6,110,187,197
7,245,231,197
8,711,293,197
9,695,120,197
0,693,117,198
2,618,310,198
3,694,117,198
4,511,180,198
6,105,186,198
7,240,231,198
8,717,295,198
9,694,117,198
0,693,119,199
2,627,314,199
3,694,119,199
4,503,181,199
6,97,186,199
7,233,229,199
8,723,298,199
9,694,119,199
0,693,120,200
2,634,316,200
3,694,120,200
4,499,181,200
6,92,186,200
7,228,227,200
8,728,302,200
9,694,120,200
0,694,121,201
2,642,319,201
3,694,121,201
4,495,183,201
6,86,183,201
7,224,225,201
8,733,303,201
9,694,121,201
0,694,122,202
2,651,324,202
3,694,122,202
4,488,185,202
6,79,181,202
7,216,224,202
8,737,304,202
9,694,122,202
0,694,122,203
2,659,327,203
3,695,122,203
4,481,186,203
6,75,180,203
7,210,223,203
8,741,308,203
9,695,122,203
0,694,123,204
2,665,329,204
3,694,123,204
4,476,187,204
6,71,179,204
7,206,222,204
8,744,311,204
9,694,123,204
0,694,123,205
2,672,334,205
3,694,123,205
4,469,188,205
6,66,179,205
7,200,220,205
8,750,314,205
9,694,123,205
0,694,123,206
2,676,336,206
3,694,123,206
4,460,190,206
6,61,178,206
7,194,219,206
8,755,320,206
9,694,123,206
0,693,124,207
2,679,341,207
3,693,124,207
4,453,191,207
6,57,177,207
7,188,219,207
8,757,325,207
9,693,124,207
0,692,126,208
2,680,342,208
3,692,126,208
4,447,191,208
6,49,178,208
7,181,217,208
8,759,330,208
9,692,126,208
0,691,126,209
2,682,347,209
3,691,126,209
4,441,193,209
6,45,176,209
7,174,217,209
8,759,330,209
9,691,126,209
0,691,125,210
2,682,350,210
3,691,125,210
4,435,194,210
6,42,178,210
7,168,217,210
8,759,330,210
9,690,125,210
0,689,127,211
2,681,354,211
3,689,127,211
4,429,194,211
6,36,178,211
7,161,216,211
8,759,330,211
9,689,127,211
0,688,127,212
2,680,356,212
3,688,127,212
4,429,194,212
6,31,175,212
7,155,217,212
8,759,330,212
9,688,127,212
0,686,128,213
2,676,357,213
3,686,128,213
4,429,194,213
6,27,176,213
7,149,216,213
8,759,330,213
9,686,128,213
0,686,130,214
2,670,357,214
3,686,130,214
4,422,197,214
6,22,174,214
7,142,216,214
8,759,330,214
9,686,130,214
0,684,130,215
2,661,358,215
3,684,130,215
4,410,197,215
6,16,175,215
7,137,216,215
8,759,330,215
9,684,130,215
0,683,130,216
2,651,358,216
3,683,130,216
4,401,197,216
6,13,172,216
7,131,217,216
8,759,330,216
9,683,130,216
0,682,130,217
2,642,358,217
3,682,130,217
4,393,197,217
6,9,172,217
7,124,217,217
9,682,130,217
0,681,131,218
2,635,358,218
3,681,131,218
4,388,197,218
6,9,172,218
7,119,217,218
9,681,131,218
0,679,133,219
2,623,357,219
3,679,133,219
4,381,198,219
6,9,172,219
7,113,216,219
9,679,133,219
0,677,135,220
2,610,355,220
3,677,135,220
4,373,198,220
6,9,172,220
7,107,216,220
9,677,135,220
0,676,137,221
2,600,353,221
3,676,137,221
4,367,199,221
6,9,172,221
7,102,216,221
9,676,137,221
0,676,137,222
2,590,352,222
3,676,137,222
4,361,199,222
6,9,172,222
7,97,215,222
9,676,137,222
0,674,138,223
2,579,348,223
3,674,138,223
4,354,200,223
6,9,172,223
7,90,215,223
9,674,138,223
0,673,139,224
2,570,344,224
3,674,139,224
4,349,201,224
6,9,172,224
7,84,216,224
9,674,139,224
0,673,140,225
2,561,340,225
3,673,140,225
4,341,200,225
6,9,172,225
7,79,216,225
9,673,140,225
0,672,141,226
2,550,336,226
3,672,141,226
4,332,199,226
7,73,215,226
9,672,141,226
0,671,141,227
2,542,334,227
3,671,141,227
4,324,199,227
7,68,215,227
9,671,141,227
0,670,140,228
2,536,331,228
3,670,140,228
4,321,199,228
7,63,212,228
9,670,140,228
0,670,140,229
2,531,330,229
3,670,140,229
4,315,200,229
7,59,213,229
9,670,140,229
0,668,142,230
2,523,326,230
3,668,142,230
4,305,199,230
7,54,213,230
9,668,142,230
0,667,143,231
2,516,323,231
3,667,143,231
4,299,198,231
7,50,212,231
9,667,143,231
0,667,143,232
2,511,319,232
3,667,143,232
4,293,198,232
7,47,211,232
9,667,143,232
10,675,251,232
0,665,143,233
2,505,316,233
3,665,143,233
4,285,198,233
7,45,210,233
9,665,143,233
10,667,249,233
0,664,143,234
2,498,313,234
3,664,143,234
4,277,197,234
7,45,209,234
9,664,143,234
10,660,248,234
0,664,144,235
2,492,310,235
3,664,144,235
4,272,196,235
7,45,209,235
9,664,144,235
10,655,246,235
0,663,145,236
2,483,306,236
3,663,145,236
4,265,195,236
7,46,208,236
9,663,145,236
10,648,244,236
0,663,145,237
2,477,304,237
3,663,145,237
4,259,195,237
7,47,207,237
9,663,145,237
10,641,241,237
0,663,146,238
2,471,303,238
3,663,146,238
4,253,196,238
7,46,208,238
9,663,146,238
10,634,240,238
0,662,146,239
2,467,301,239
3,662,146,239
4,249,195,239
7,46,208,239
9,662,146,239
10,629,239,239
0,662,146,240
2,461,300,240
3,662,146,240
4,246,194,240
7,47,205,240
9,662,146,240
10,623,239,240
0,662,147,241
2,457,298,241
3,662,147,241
4,242,193,241
7,47,206,241
9,662,147,241
10,617,237,241
11,677,319,241
0,661,147,242
2,451,297,242
3,661,147,242
4,238,193,242
7,49,207,242
9,661,147,242
10,612,235,242
11,669,317,242
0,661,149,243
2,443,293,243
3,661,149,243
4,234,191,243
7,49,208,243
9,661,149,243
10,605,235,243
11,662,314,243
0,661,151,244
2,437,290,244
3,661,150,244
4,231,190,244
7,48,209,244
9,661,150,244
10,598,232,244
11,657,313,244
0,660,150,245
2,434,289,245
3,660,150,245
4,229,190,245
7,50,209,245
9,660,150,245
10,593,230,245
11,652,314,245
0,660,150,246
2,424,285,246
3,660,150,246
4,223,189,246
7,49,209,246
9,660,150,246
10,586,229,246
11,644,311,246
0,659,149,247
2,417,283,247
3,659,150,247
4,217,188,247
7,48,209,247
9,659,150,247
10,578,227,247
11,637,308,247
0,659,149,248
2,410,280,248
3,659,149,248
4,213,188,248
7,48,209,248
9,659,149,248
10,572,225,248
11,632,306,248
0,658,150,249
2,406,279,249
3,658,150,249
4,211,188,249
7,49,209,249
9,658,150,249
10,567,224,249
11,628,305,249
0,657,152,250
2,402,276,250
3,657,152,250
4,208,188,250
7,49,209,250
9,657,152,250
10,562,223,250
11,622,305,250
0,656,152,251
2,394,274,251
3,656,152,251
4,206,188,251
7,48,209,251
9,656,152,251
10,555,223,251
11,613,303,251
0,656,153,252
2,388,271,252
3,656,153,252
4,201,186,252
7,48,208,252
9,656,153,252
10,549,222,252
11,606,302,252
0,654,154,253
2,384,270,253
3,654,154,253
4,198,187,253
7,48,208,253
9,654,154,253
10,543,221,253
11,601,302,253
0,652,157,254
2,378,269,254
3,652,157,254
4,192,186,254
7,50,208,254
9,652,157,254
10,535,220,254
11,591,302,254
0,650,158,255
2,373,268,255
3,650,158,255
4,189,184,255
7,51,208,255
9,650,158,255
10,528,220,255
11,584,300,255
0,649,159,256
2,369,266,256
3,649,159,256
4,186,183,256
7,52,208,256
9,649,159,256
10,522,217,256
11,579,297,256
0,648,158,257
2,365,262,257
3,648,158,257
4,182,182,257
7,51,208,257
9,648,158,257
10,517,216,257
11,572,295,257
0,646,158,258
2,358,260,258
3,646,158,258
4,179,182,258
7,50,209,258
9,646,158,258
10,511,215,258
11,564,294,258
0,644,156,259
2,352,259,259
3,644,156,259
4,175,181,259
7,51,208,259
9,644,156,259
10,505,215,259
11,558,293,259
0,642,157,260
2,347,256,260
3,642,157,260
4,173,180,260
7,51,209,260
9,642,157,260
10,498,215,260
11,551,293,260
0,640,159,261
2,340,252,261
3,640,159,261
4,169,180,261
7,50,209,261
9,640,159,261
10,491,212,261
11,543,291,261
0,638,160,262
2,333,250,262
3,638,160,262
4,166,180,262
7,50,209,262
9,638,160,262
10,485,211,262
11,536,290,262
0,636,161,263
2,325,248,263
3,636,161,263
4,162,178,263
7,49,209,263
9,636,161,263
10,477,209,263
11,528,290,263
0,634,163,264
2,319,248,264
3,634,163,264
4,159,177,264
7,48,209,264
9,634,163,264
10,470,208,264
11,522,290,264
0,632,164,265
2,315,246,265
3,632,164,265
4,154,177,265
7,49,209,265
9,632,164,265
10,465,207,265
11,514,290,265
0,630,164,266
2,311,245,266
3,630,164,266
4,150,177,266
7,48,209,266
9,630,164,266
10,458,205,266
11,508,288,266
0,628,165,267
2,306,243,267
3,628,165,267
4,145,176,267
7,49,208,267
9,628,165,267
10,449,206,267
11,500,287,267
0,627,165,268
2,302,242,268
3,627,165,268
4,142,176,268
7,48,209,268
9,627,165,268
10,444,205,268
11,493,286,268
0,626,166,269
2,299,239,269
3,626,166,269
4,140,175,269
7,47,209,269
9,626,166,269
10,441,205,269
11,488,285,269
0,625,167,270
2,294,238,270
3,625,167,270
4,137,175,270
7,45,209,270
9,625,167,270
10,435,202,270
11,479,285,270
0,624,168,271
2,291,236,271
3,624,168,271
4,134,175,271
7,43,210,271
9,624,168,271
10,431,201,271
11,473,283,271
0,623,168,272
2,290,235,272
3,623,168,272
4,131,174,272
7,41,209,272
9,623,168,272
10,431,201,272
11,466,281,272
0,622,168,273
2,289,231,273
3,622,168,273
4,128,173,273
7,41,209,273
9,622,168,273
10,431,201,273
11,461,281,273
0,622,169,274
2,286,230,274
3,622,169,274
4,126,174,274
7,38,209,274
9,622,169,274
10,418,203,274
11,454,279,274
0,622,170,275
2,284,228,275
3,622,170,275
4,125,174,275
7,34,209,275
9,622,170,275
10,407,201,275
11,450,277,275
0,622,171,276
2,281,227,276
3,622,171,276
4,125,175,276
7,32,209,276
9,622,171,276
10,397,202,276
11,443,276,276
0,621,172,277
2,280,225,277
3,621,172,277
4,124,177,277
7,30,209,277
9,621,172,277
10,388,200,277
11,439,276,277
0,622,173,278
2,279,223,278
3,621,173,278
4,124,178,278
7,27,207,278
9,621,173,278
10,380,199,278
11,436,276,278
0,622,175,279
2,278,220,279
3,622,175,279
4,124,178,279
7,21,208,279
9,622,175,279
10,371,199,279
11,429,267,279
0,622,175,280
2,278,218,280
3,622,175,280
4,124,179,280
7,17,209,280
9,622,175,280
10,365,199,280
11,423,254,280
0,622,175,281
2,276,217,281
3,622,175,281
4,125,179,281
7,13,210,281
9,622,175,281
10,359,197,281
11,418,248,281
0,623,175,282
2,274,215,282
3,622,175,282
4,125,180,282
7,10,209,282
9,622,175,282
10,354,196,282
11,413,263,282
0,623,177,283
2,273,213,283
3,623,177,283
4,127,180,283
7,9,207,283
9,623,177,283
10,348,194,283
11,405,266,283
0,623,177,284
2,271,212,284
3,623,177,284
4,130,181,284
7,9,207,284
9,623,177,284
10,344,195,284
11,400,266,284
0,623,178,285
2,269,211,285
3,623,178,285
4,135,182,285
7,9,207,285
9,623,178,285
10,339,194,285
11,395,266,285
0,622,179,286
2,268,211,286
3,622,179,286
4,140,183,286
7,9,207,286
9,622,179,286
10,333,192,286
11,390,266,286
0,622,180,287
2,269,210,287
3,622,180,287
4,144,185,287
7,9,207,287
9,622,180,287
10,328,192,287
11,385,265,287
0,621,181,288
2,269,210,288
3,621,181,288
4,149,186,288
7,9,207,288
9,621,181,288
10,323,192,288
11,380,264,288
0,620,183,289
2,270,209,289
3,620,183,289
4,153,187,289
7,9,207,289
9,620,183,289
10,315,192,289
11,373,263,289
0,619,185,290
2,271,208,290
3,619,185,290
4,157,186,290
7,9,207,290
9,619,185,290
10,310,191,290
11,369,262,290
0,618,186,291
2,273,207,291
3,618,186,291
4,160,186,291
7,9,207,291
9,618,186,291
10,303,191,291
11,363,262,291
0,617,187,292
2,275,204,292
3,617,186,292
4,164,188,292
9,617,186,292
10,297,191,292
11,358,259,292
0,616,187,293
2,279,202,293
3,616,187,293
4,168,189,293
9,616,187,293
10,292,191,293
11,354,258,293
0,615,188,294
2,280,201,294
3,615,188,294
4,171,190,294
9,615,188,294
10,284,192,294
11,352,255,294
0,614,189,295
2,285,200,295
3,614,189,295
4,176,191,295
9,614,189,295
10,279,196,295
11,348,254,295
0,613,190,296
2,288,199,296
3,613,190,296
4,180,192,296
9,613,190,296
10,277,199,296
11,345,253,296
0,612,191,297
2,290,195,297
3,612,191,297
4,184,194,297
9,612,191,297
10,274,197,297
11,342,253,297
0,610,193,298
2,291,194,298
3,611,193,298
4,189,195,298
9,611,193,298
10,272,195,298
11,337,253,298
0,610,194,299
2,292,194,299
3,610,194,299
4,193,194,299
9,610,194,299
10,269,194,299
11,332,251,299
0,609,196,300
2,296,193,300
3,609,196,300
4,197,195,300
9,609,196,300
10,263,193,300
11,329,251,300
0,609,198,301
2,307,191,301
3,609,198,301
4,202,195,301
9,609,198,301
10,249,190,301
11,325,249,301
0,609,198,302
2,316,193,302
3,609,198,302
4,208,197,302
9,609,198,302
10,242,189,302
11,322,247,302
0,609,198,303
2,321,193,303
3,609,198,303
4,214,196,303
9,609,198,303
10,236,188,303
11,318,244,303
0,610,199,304
2,329,195,304
3,610,199,304
4,223,197,304
9,610,199,304
10,225,191,304
11,314,241,304
0,610,201,305
2,334,196,305
3,610,201,305
4,229,198,305
9,610,201,305
10,218,195,305
11,310,237,305
0,611,203,306
2,342,191,306
3,611,203,306
4,236,199,306
9,611,203,306
10,213,197,306
11,305,242,306
0,612,203,307
2,350,189,307
3,612,203,307
4,240,199,307
9,612,203,307
10,209,197,307
11,302,242,307
0,612,205,308
2,356,186,308
3,612,205,308
4,242,199,308
9,612,205,308
10,206,197,308
11,296,242,308
0,613,206,309
2,363,184,309
3,613,206,309
4,248,200,309
9,613,206,309
10,204,197,309
11,291,240,309
0,614,208,310
2,372,183,310
3,614,208,310
4,255,201,310
9,614,208,310
10,198,197,310
11,285,240,310
0,615,210,311
2,380,182,311
3,614,210,311
4,263,202,311
9,614,210,311
10,193,198,311
11,282,239,311
0,615,211,312
2,387,182,312
3,615,211,312
4,268,201,312
9,615,211,312
10,190,198,312
11,279,240,312
0,616,211,313
2,396,182,313
3,616,211,313
4,276,204,313
9,616,211,313
10,187,199,313
11,275,236,313
0,617,213,314
2,403,182,314
3,617,213,314
4,282,210,314
9,617,213,314
10,186,200,314
11,271,234,314
0,618,215,315
2,410,181,315
3,618,215,315
4,288,213,315
9,618,215,315
10,187,202,315
11,271,231,315
0,619,216,316
2,417,180,316
3,619,216,316
4,293,214,316
9,619,216,316
10,189,203,316
11,271,229,316
0,620,217,317
2,425,181,317
3,620,217,317
4,296,215,317
9,620,217,317
10,192,203,317
11,272,227,317
0,621,219,318
2,429,186,318
3,621,219,318
4,299,215,318
9,621,219,318
10,197,205,318
11,272,227,318
0,622,220,319
2,429,186,319
3,622,220,319
4,303,214,319
9,622,220,319
10,201,206,319
11,272,226,319
0,623,223,320
2,442,189,320
3,623,223,320
4,315,208,320
9,623,223,320
10,207,208,320
11,267,232,320
0,625,225,321
2,449,185,321
3,624,225,321
4,321,206,321
9,624,225,321
10,213,209,321
11,266,233,321
0,626,226,322
2,454,182,322
3,626,226,322
4,326,205,322
9,626,226,322
10,219,210,322
11,265,234,322
0,627,227,323
2,459,181,323
3,627,227,323
4,329,207,323
9,627,227,323
10,224,210,323
11,267,235,323
0,629,227,324
2,465,181,324
3,629,227,324
4,337,207,324
9,629,227,324
10,230,210,324
11,268,236,324
12,455,182,324
0,631,229,325
2,471,180,325
3,630,229,325
4,343,208,325
9,630,229,325
10,236,210,325
11,271,237,325
12,463,181,325
0,632,231,326
2,475,179,326
3,632,231,326
4,350,209,326
9,632,231,326
10,242,209,326
11,276,237,326
12,469,179,326
0,635,232,327
2,479,180,327
3,635,232,327
4,356,209,327
9,635,232,327
10,250,210,327
11,280,236,327
12,473,180,327
0,638,233,328
2,484,181,328
3,638,233,328
4,363,209,328
9,638,233,328
10,256,209,328
11,284,235,328
12,481,181,328
0,640,235,329
2,487,182,329
3,640,235,329
4,367,209,329
9,640,235,329
10,261,209,329
11,287,233,329
12,485,182,329
0,642,238,330
2,492,182,330
3,642,238,330
4,374,210,330
9,642,238,330
10,270,209,330
11,293,230,330
12,491,182,330
0,644,240,331
2,496,183,331
3,644,240,331
4,379,211,331
9,644,240,331
10,275,210,331
11,295,228,331
12,495,183,331
0,647,242,332
2,499,184,332
3,647,242,332
4,385,213,332
9,647,242,332
10,280,210,332
11,299,226,332
12,499,184,332
0,649,243,333
2,502,185,333
3,649,243,333
4,392,214,333
9,649,243,333
10,288,210,333
11,305,228,333
12,502,185,333
0,652,244,334
2,504,186,334
3,652,244,334
4,398,215,334
9,652,244,334
10,295,210,334
11,308,227,334
12,505,186,334
0,654,245,335
2,504,188,335
3,654,245,335
4,405,217,335
9,654,245,335
10,300,210,335
11,311,226,335
12,504,188,335
0,657,248,336
2,503,190,336
3,657,248,336
4,412,216,336
9,657,248,336
10,306,210,336
11,315,225,336
12,503,190,336
0,660,250,337
2,500,192,337
3,659,250,337
4,416,218,337
9,659,250,337
10,312,212,337
11,317,222,337
12,500,192,337
0,662,251,338
2,497,193,338
3,662,251,338
4,422,218,338
9,662,251,338
10,316,213,338
11,321,222,338
12,498,193,338
0,664,253,339
2,494,195,339
3,664,253,339
4,428,218,339
9,664,253,339
10,322,213,339
11,325,222,339
12,495,195,339
0,670,254,340
2,490,197,340
3,670,254,340
4,428,218,340
9,670,254,340
10,327,214,340
11,333,224,340
12,490,197,340
0,673,256,341
2,486,199,341
3,673,256,341
4,428,218,341
9,673,256,341
10,333,215,341
11,338,225,341
12,486,199,341
0,676,258,342
2,481,199,342
3,676,258,342
4,440,220,342
9,676,258,342
10,342,217,342
11,347,227,342
12,481,199,342
0,679,259,343
2,475,202,343
3,678,259,343
4,451,221,343
9,678,259,343
10,348,215,343
11,353,227,343
12,475,202,343
0,682,258,344
2,467,206,344
3,681,258,344
4,461,222,344
9,681,258,344
10,353,214,344
11,357,227,344
12,468,206,344
0,684,261,345
2,456,218,345
3,684,261,345
4,466,224,345
9,684,261,345
10,361,214,345
11,365,228,345
12,457,217,345
0,686,263,346
2,453,221,346
3,686,263,346
4,473,225,346
9,686,263,346
10,368,212,346
11,372,228,346
12,454,220,346
0,688,267,347
2,452,221,347
3,688,267,347
4,477,225,347
9,688,267,347
10,374,210,347
11,378,229,347
12,452,220,347
0,690,268,348
2,452,219,348
3,690,268,348
4,481,223,348
9,690,268,348
10,380,214,348
11,383,232,348
12,452,219,348
0,693,271,349
2,449,218,349
3,693,271,349
4,485,225,349
9,693,271,349
10,385,215,349
11,387,233,349
12,450,218,349
0,695,270,350
2,447,216,350
3,695,270,350
4,489,227,350
9,695,270,350
10,391,221,350
11,392,237,350
12,447,216,350
0,698,270,351
2,447,216,351
3,698,270,351
4,496,228,351
9,698,270,351
10,397,217,351
11,398,238,351
12,447,216,351
0,703,273,352
2,441,208,352
3,703,273,352
4,503,230,352
9,703,273,352
10,402,215,352
11,404,239,352
12,440,205,352
0,703,276,353
2,424,206,353
3,703,276,353
4,510,231,353
9,703,276,353
10,410,214,353
11,411,234,353
12,422,204,353
0,707,277,354
2,411,205,354
3,707,277,354
4,517,232,354
9,707,277,354
10,418,209,354
11,417,212,354
12,409,204,354
0,710,278,355
2,411,205,355
3,710,278,355
4,523,232,355
9,710,278,355
10,418,209,355
11,427,233,355
12,409,204,355
0,713,279,356
2,404,198,356
3,713,279,356
4,529,234,356
9,713,279,356
10,421,201,356
11,432,246,356
12,403,197,356
0,718,283,357
2,395,204,357
3,718,283,357
4,537,235,357
9,718,283,357
10,419,203,357
11,440,264,357
12,395,203,357
0,721,286,358
2,391,207,358
3,721,286,358
4,544,237,358
9,721,286,358
10,420,204,358
11,446,284,358
12,390,207,358
0,725,287,359
2,387,209,359
3,725,287,359
4,550,238,359
9,725,287,359
10,419,206,359
11,450,288,359
12,387,209,359
0,731,287,360
2,385,209,360
3,731,287,360
4,554,240,360
9,731,287,360
10,416,207,360
11,453,291,360
12,384,210,360
0,734,287,361
2,378,210,361
3,734,287,361
4,558,240,361
9,734,287,361
10,417,209,361
11,457,290,361
12,378,211,361
0,738,288,362
2,374,211,362
3,738,288,362
4,565,241,362
9,738,288,362
10,396,211,362
11,464,292,362
12,374,212,362
0,742,291,363
2,369,211,363
3,742,291,363
4,572,241,363
9,742,291,363
10,378,210,363
11,468,295,363
12,369,211,363
0,737,292,364
2,365,210,364
3,737,292,364
4,577,240,364
9,737,292,364
10,370,210,364
11,475,297,364
12,365,211,364
0,735,296,365
2,360,210,365
3,735,296,365
4,585,241,365
9,735,296,365
10,363,209,365
11,483,296,365
12,360,210,365
0,736,298,366
2,357,210,366
3,737,298,366
4,594,243,366
9,737,298,366
10,359,209,366
11,490,297,366
12,357,210,366
0,740,301,367
2,354,209,367
3,740,301,367
4,599,243,367
9,740,301,367
10,356,209,367
11,496,299,367
12,354,209,367
0,742,301,368
2,348,208,368
3,742,301,368
4,605,245,368
9,742,301,368
10,349,208,368
11,500,302,368
12,348,208,368
0,748,304,369
2,341,208,369
3,747,304,369
4,612,247,369
9,747,304,369
10,342,208,369
11,508,305,369
12,342,208,369
0,750,306,370
2,337,208,370
3,750,306,370
4,616,249,370
9,750,306,370
10,337,208,370
11,516,301,370
12,337,208,370
0,750,306,371
2,333,209,371
3,750,306,371
4,623,250,371
9,750,306,371
10,333,209,371
11,522,302,371
12,333,209,371
0,750,306,372
2,330,209,372
3,750,306,372
4,627,250,372
9,750,306,372
10,330,209,372
11,527,302,372
12,330,209,372
13,510,206,372
0,750,306,373
2,326,209,373
3,750,306,373
4,634,250,373
9,750,306,373
10,326,209,373
11,535,304,373
12,326,209,373
13,513,205,373
0,750,306,374
2,320,211,374
3,750,306,374
4,641,251,374
9,750,306,374
10,319,211,374
11,545,305,374
12,320,211,374
13,519,203,374
0,750,306,375
2,315,212,375
3,750,306,375
4,649,253,375
9,750,306,375
10,315,212,375
11,552,306,375
12,315,212,375
13,524,202,375
0,750,306,376
2,310,212,376
3,750,306,376
4,655,255,376
9,750,306,376
10,310,212,376
11,558,308,376
12,310,212,376
13,528,200,376
0,750,306,377
2,306,213,377
3,750,306,377
4,662,256,377
9,750,306,377
10,305,213,377
11,565,311,377
12,306,213,377
13,532,200,377
0,750,306,378
2,301,214,378
3,750,306,378
4,668,258,378
9,750,306,378
10,301,214,378
11,570,313,378
12,301,214,378
13,537,199,378
2,296,213,379
4,673,259,379
10,296,214,379
11,575,314,379
12,296,214,379
13,542,199,379
2,293,213,380
4,678,261,380
10,293,213,380
11,581,315,380
12,293,213,380
13,547,197,380
2,287,214,381
4,685,262,381
10,287,214,381
11,588,317,381
12,287,214,381
13,552,196,381
2,282,215,382
4,691,262,382
10,282,215,382
11,594,320,382
12,282,215,382
13,556,194,382
2,279,215,383
4,695,263,383
10,279,216,383
11,602,320,383
12,279,216,383
13,560,192,383
2,274,217,384
4,702,264,384
10,274,217,384
11,612,321,384
12,274,217,384
13,564,190,384
2,269,218,385
4,709,263,385
10,269,218,385
11,618,324,385
12,269,218,385
13,568,190,385
2,266,219,386
4,717,263,386
10,266,219,386
11,626,327,386
12,266,219,386
13,572,188,386
2,263,221,387
4,724,263,387
10,263,221,387
11,632,332,387
12,263,221,387
13,576,186,387
2,262,221,388
4,730,265,388
10,262,221,388
11,639,335,388
12,262,221,388
13,580,184,388
2,261,224,389
4,734,267,389
10,261,224,389
11,645,334,389
12,261,224,389
13,583,184,389
2,262,227,390
4,742,271,390
10,262,227,390
11,652,338,390
12,262,227,390
13,587,182,390
2,263,228,391
4,750,273,391
10,263,228,391
11,659,339,391
12,263,228,391
13,589,180,391
2,264,229,392
4,756,273,392
10,264,229,392
11,667,340,392
12,264,229,392
13,591,179,392
2,267,232,393
4,760,279,393
10,267,232,393
11,675,342,393
12,267,232,393
13,594,179,393
2,269,235,394
4,760,279,394
10,269,235,394
11,682,343,394
12,269,235,394
13,597,177,394
2,272,236,395
4,760,279,395
10,272,236,395
11,687,347,395
12,272,236,395
13,599,175,395
2,275,236,396
4,760,279,396
10,275,236,396
11,695,348,396
12,275,236,396
13,602,174,396
2,280,238,397
4,760,279,397
10,280,238,397
11,703,349,397
12,280,238,397
13,603,174,397
2,284,239,398
4,760,279,398
10,284,239,398
11,709,352,398
12,284,239,398
13,605,172,398
2,287,240,399
4,760,279,399
10,287,240,399
11,714,353,399
12,287,240,399
13,606,170,399
2,290,242,400
4,760,279,400
10,289,242,400
11,718,354,400
12,290,242,400
13,606,168,400
2,291,243,401
4,760,279,401
10,291,243,401
11,724,356,401
12,291,243,401
13,606,169,401
2,293,244,402
10,293,244,402
11,731,357,402
12,293,244,402
13,605,169,402
2,295,243,403
10,295,243,403
11,738,358,403
12,295,243,403
13,604,167,403
2,298,244,404
10,298,244,404
11,743,358,404
12,298,244,404
13,604,167,404
2,307,247,405
10,307,247,405
11,743,358,405
12,307,247,405
13,597,166,405
2,312,249,406
10,312,249,406
11,743,358,406
12,312,249,406
13,590,166,406
2,314,250,407
10,314,250,407
11,743,358,407
12,314,250,407
13,585,167,407
2,315,251,408
10,315,251,408
11,743,358,408
12,315,251,408
13,583,167,408
2,315,251,409
10,315,251,409
11,743,358,409
12,315,251,409
13,582,167,409
2,314,251,410
10,314,251,410
11,743,358,410
12,314,251,410
13,582,167,410
2,313,251,411
10,313,251,411
11,743,358,411
12,313,251,411
13,582,169,411
2,312,250,412
10,312,250,412
11,743,358,412
12,312,250,412
13,583,169,412
2,311,248,413
10,311,248,413
12,311,248,413
13,582,170,413
2,310,246,414
10,310,246,414
12,310,246,414
13,582,170,414
2,310,247,415
10,310,247,415
12,310,247,415
13,579,172,415
2,309,248,416
10,309,248,416
12,309,248,416
13,576,173,416
2,309,247,417
10,309,247,417
12,309,247,417
13,574,174,417
2,309,247,418
10,309,247,418
12,309,247,418
13,571,174,418
2,309,247,419
10,309,247,419
12,309,247,419
13,569,174,419
2,309,247,420
10,309,247,420
12,309,247,420
13,564,176,420
2,309,247,421
10,309,247,421
12,309,247,421
13,561,177,421
2,309,247,422
10,309,247,422
12,309,247,422
13,557,178,422
2,309,247,423
10,309,247,423
12,309,247,423
13,555,179,423
2,309,248,424
10,309,248,424
12,309,248,424
13,550,181,424
2,309,248,425
10,309,248,425
12,309,248,425
13,546,182,425
2,309,248,426
10,309,248,426
12,309,248,426
13,544,183,426
2,309,249,427
10,309,249,427
12,309,249,427
13,542,184,427
2,309,249,428
10,309,249,428
12,309,249,428
13,540,185,428
2,309,249,429
10,309,249,429
12,309,249,429
13,537,187,429
2,307,252,430
10,307,252,430
12,307,252,430
13,535,188,430
2,308,251,431
10,308,251,431
12,308,251,431
13,532,189,431
2,308,247,432
10,308,247,432
12,308,247,432
13,530,190,432
2,308,247,433
10,308,247,433
12,308,247,433
13,526,192,433
2,309,247,434
10,309,247,434
12,309,247,434
13,522,193,434
2,309,247,435
10,309,247,435
12,309,247,435
13,520,194,435
14,671,314,435
2,309,247,436
10,309,247,436
12,309,247,436
13,518,197,436
14,662,311,436
2,309,245,437
10,309,245,437
12,309,245,437
13,516,198,437
14,654,308,437
2,309,244,438
10,309,244,438
12,309,244,438
13,514,199,438
14,646,308,438
2,309,243,439
10,309,243,439
12,309,243,439
13,511,201,439
14,639,308,439
2,309,243,440
10,309,243,440
12,309,243,440
13,509,203,440
14,634,307,440
2,309,243,441
10,309,243,441
12,309,243,441
13,505,204,441
14,626,304,441
2,309,243,442
10,309,243,442
12,309,243,442
13,502,205,442
14,620,303,442
2,309,243,443
10,309,243,443
12,309,243,443
13,499,207,443
14,615,302,443
2,311,243,444
10,311,243,444
12,311,243,444
13,498,209,444
14,605,300,444
2,312,243,445
10,312,243,445
12,312,243,445
13,498,211,445
14,598,297,445
2,312,243,446
10,312,243,446
12,312,243,446
13,498,213,446
14,593,295,446
2,313,243,447
10,313,243,447
12,313,243,447
13,497,215,447
14,589,294,447
2,315,244,448
10,315,244,448
12,315,244,448
13,497,217,448
14,586,294,448
2,316,244,449
10,316,244,449
12,316,244,449
13,497,218,449
14,582,292,449
2,321,245,450
10,321,245,450
12,321,245,450
13,497,219,450
14,578,289,450
2,325,246,451
10,325,246,451
12,325,246,451
13,497,222,451
14,573,288,451
2,327,248,452
10,327,248,452
12,327,248,452
13,498,223,452
14,570,287,452
2,329,249,453
10,329,249,453
12,329,249,453
13,500,225,453
14,566,285,453
2,335,249,454
10,335,249,454
12,335,249,454
13,502,226,454
14,558,282,454
2,339,250,455
10,339,250,455
12,339,250,455
13,505,227,455
14,552,280,455
2,343,250,456
10,343,250,456
12,343,250,456
13,507,230,456
14,547,279,456
2,348,252,457
10,348,252,457
12,348,252,457
13,511,233,457
14,541,277,457
2,355,253,458
10,355,253,458
12,355,253,458
13,514,236,458
14,537,275,458
2,359,253,459
10,359,253,459
12,359,253,459
13,516,239,459
14,533,274,459
2,362,253,460
10,362,253,460
12,362,253,460
13,519,242,460
14,528,270,460
2,369,255,461
10,369,255,461
12,369,255,461
13,524,253,461
14,521,263,461
2,375,256,462
10,375,256,462
12,375,256,462
13,528,262,462
14,518,259,462
2,381,256,463
10,381,256,463
12,381,256,463
13,528,265,463
14,514,256,463
2,388,256,464
10,388,256,464
12,388,256,464
13,528,270,464
14,511,257,464
2,394,258,465
10,394,258,465
12,394,258,465
13,527,273,465
14,509,259,465
2,401,259,466
10,401,259,466
12,401,259,466
13,529,270,466
14,504,258,466
2,405,261,467
10,405,261,467
12,405,261,467
13,531,266,467
14,500,258,467
2,409,263,468
10,409,263,468
12,409,263,468
13,544,263,468
14,487,257,468
2,414,268,469
10,414,268,469
12,414,268,469
13,551,265,469
14,476,257,469
2,420,270,470
10,420,270,470
12,420,270,470
13,557,268,470
14,468,256,470
2,425,271,471
10,425,271,471
12,425,271,471
13,560,270,471
14,463,255,471
2,431,264,472
10,431,264,472
12,431,264,472
13,564,271,472
14,458,253,472
2,443,268,473
10,443,268,473
12,443,268,473
13,568,273,473
14,452,254,473
2,452,269,474
10,452,269,474
12,452,269,474
13,571,276,474
14,446,255,474
15,666,346,474
2,458,269,475
10,458,269,475
12,458,269,475
13,575,280,475
14,443,259,475
15,658,340,475
2,461,271,476
10,461,271,476
12,461,271,476
13,578,282,476
14,441,266,476
15,651,337,476
2,462,274,477
10,462,274,477
12,462,274,477
13,582,284,477
14,442,272,477
15,644,336,477
2,468,278,478
10,468,278,478
12,468,278,478
13,586,287,478
14,442,272,478
15,636,331,478
2,475,280,479
10,475,280,479
12,475,280,479
13,589,289,479
14,444,269,479
15,630,330,479
2,480,280,480
10,480,280,480
12,480,280,480
13,592,291,480
14,446,264,480
15,626,328,480
2,486,285,481
10,486,285,481
12,486,285,481
13,597,295,481
14,429,245,481
15,620,325,481
2,491,288,482
10,491,288,482
12,491,288,482
13,602,299,482
14,414,241,482
15,614,320,482
2,495,290,483
10,495,290,483
12,495,290,483
13,609,303,483
14,406,240,483
15,609,315,483
2,500,292,484
10,500,292,484
12,500,292,484
13,615,315,484
14,399,238,484
15,604,316,484
2,506,294,485
10,506,294,485
12,506,294,485
13,618,321,485
14,394,237,485
15,602,314,485
2,510,298,486
10,510,298,486
12,510,298,486
13,617,323,486
14,389,234,486
15,599,312,486
2,517,299,487
10,517,299,487
12,517,299,487
13,617,321,487
14,384,233,487
15,598,310,487
2,523,302,488
10,523,302,488
12,523,302,488
13,618,318,488
14,379,231,488
15,595,306,488
2,527,305,489
10,527,305,489
12,527,305,489
13,618,315,489
14,375,232,489
15,595,305,489
2,534,307,490
10,534,307,490
12,534,307,490
13,620,312,490
14,370,230,490
15,593,303,490
2,540,310,491
10,540,310,491
12,540,310,491
13,621,311,491
14,365,230,491
15,591,302,491
2,544,311,492
10,544,311,492
12,544,311,492
13,623,310,492
14,362,229,492
15,585,298,492
2,546,314,493
10,546,314,493
12,546,314,493
13,624,310,493
14,360,228,493
15,584,298,493
2,554,315,494
10,554,315,494
12,554,315,494
13,632,313,494
14,355,228,494
15,579,297,494
2,559,317,495
10,559,317,495
12,559,317,495
13,632,315,495
14,348,228,495
15,575,298,495
2,566,317,496
10,566,317,496
12,566,317,496
13,632,316,496
14,343,228,496
15,572,300,496
2,575,319,497
10,575,319,497
12,575,319,497
13,632,317,497
14,337,227,497
15,572,299,497
2,581,319,498
10,581,319,498
12,581,319,498
13,631,320,498
14,332,226,498
15,573,300,498
2,586,322,499
10,586,322,499
12,586,322,499
13,630,323,499
14,325,225,499
15,574,298,499
2,590,324,500
10,590,324,500
12,590,324,500
13,630,323,500
14,319,224,500
15,575,299,500
2,597,326,501
10,597,326,501
12,597,326,501
13,629,323,501
14,315,223,501
15,576,290,501
2,603,326,502
10,603,326,502
12,603,326,502
13,628,325,502
14,312,223,502
15,577,290,502
2,613,333,503
10,613,333,503
12,613,333,503
13,628,325,503
14,309,223,503
15,575,287,503
2,623,336,504
10,623,336,504
12,623,336,504
13,626,327,504
14,300,223,504
15,574,283,504
2,629,338,505
10,629,338,505
12,629,338,505
13,625,330,505
14,294,222,505
15,573,279,505
2,635,340,506
10,635,340,506
12,635,340,506
13,627,331,506
14,289,222,506
15,571,277,506
2,639,339,507
10,639,339,507
12,639,339,507
13,628,335,507
14,286,223,507
15,567,275,507
2,642,342,508
10,642,342,508
12,642,342,508
13,631,340,508
14,283,223,508
15,563,275,508
2,648,345,509
10,648,345,509
12,648,345,509
13,634,341,509
14,279,222,509
15,558,273,509
2,655,347,510
10,655,347,510
12,655,347,510
13,639,339,510
14,274,221,510
15,553,272,510
2,661,352,511
10,661,352,511
12,661,352,511
13,632,327,511
14,270,221,511
15,548,270,511
2,680,365,512
10,680,365,512
12,680,365,512
13,630,324,512
14,267,220,512
15,546,271,512
2,689,368,513
10,689,368,513
12,689,368,513
13,631,321,513
14,263,220,513
15,540,268,513
2,699,373,514
10,699,373,514
12,699,373,514
13,632,319,514
14,259,218,514
15,535,266,514
2,710,375,515
10,710,375,515
12,710,375,515
13,630,318,515
14,254,217,515
15,531,262,515
2,719,377,516
10,719,377,516
12,719,377,516
13,631,318,516
14,251,216,516
15,526,260,516
16,697,264,516
2,732,382,517
10,732,382,517
12,732,382,517
13,632,318,517
14,246,215,517
15,520,258,517
16,691,262,517
2,742,383,518
10,742,383,518
12,742,383,518
13,634,318,518
14,242,214,518
15,514,256,518
16,686,261,518
2,752,386,519
10,752,386,519
12,752,386,519
13,636,319,519
14,240,214,519
15,510,254,519
16,681,260,519
2,758,393,520
10,758,393,520
12,758,393,520
13,639,319,520
14,236,212,520
15,505,252,520
16,676,256,520
2,758,393,521
10,758,393,521
12,758,393,521
13,642,317,521
14,233,211,521
15,500,250,521
16,673,254,521
17,516,501,521
2,758,393,522
10,758,393,522
12,758,393,522
13,645,316,522
14,228,211,522
15,497,250,522
16,669,253,522
17,501,499,522
2,758,393,523
10,758,393,523
12,758,393,523
13,646,317,523
14,225,210,523
15,495,248,523
16,667,252,523
17,485,495,523
2,758,393,524
10,758,393,524
12,758,393,524
13,648,316,524
14,222,211,524
15,489,247,524
16,659,250,524
17,463,491,524
2,758,393,525
10,758,393,525
12,758,393,525
13,649,316,525
14,219,209,525
15,487,244,525
16,653,248,525
17,448,487,525
2,758,393,526
10,758,393,526
12,758,393,526
13,649,316,526
14,216,210,526
15,484,242,526
16,649,246,526
17,436,484,526
2,758,393,527
10,758,393,527
12,758,393,527
13,649,316,527
14,214,210,527
15,480,240,527
16,645,242,527
17,424,482,527
2,758,393,528
10,758,393,528
12,758,393,528
13,649,316,528
14,209,209,528
15,477,238,528
16,641,240,528
17,407,482,528
13,649,316,529
14,207,207,529
15,474,237,529
16,638,236,529
17,391,476,529
13,651,316,530
14,204,206,530
15,472,235,530
16,637,233,530
17,379,472,530
13,652,316,531
14,199,206,531
15,470,231,531
16,634,231,531
17,365,469,531
13,652,318,532
14,194,205,532
15,467,230,532
16,633,229,532
17,358,465,532
13,652,319,533
14,192,205,533
15,466,230,533
16,631,229,533
17,349,468,533
13,652,322,534
14,189,205,534
15,464,228,534
16,628,228,534
17,337,467,534
13,652,324,535
14,187,205,535
15,463,227,535
16,626,227,535
17,324,464,535
13,654,327,536
14,183,203,536
15,461,226,536
16,625,225,536
17,312,461,536
13,654,329,537
14,180,202,537
15,459,225,537
16,625,225,537
17,300,459,537
13,655,331,538
14,178,201,538
15,456,224,538
16,623,224,538
17,290,457,538
13,657,333,539
14,173,201,539
15,453,222,539
16,623,221,539
17,278,455,539
13,658,336,540
14,169,201,540
15,451,220,540
16,622,219,540
17,266,452,540
13,659,338,541
14,166,201,541
15,448,218,541
16,622,217,541
17,256,450,541
13,659,342,542
14,163,201,542
15,446,216,542
16,621,217,542
17,249,448,542
13,658,344,543
14,160,201,543
15,444,214,543
16,621,216,543
17,238,446,543
13,658,347,544
14,158,200,544
15,441,211,544
16,619,214,544
17,230,447,544
13,656,348,545
14,154,200,545
15,438,211,545
16,616,211,545
17,214,446,545
13,653,349,546
14,151,200,546
15,438,211,546
16,615,209,546
17,203,445,546
13,652,351,547
14,148,199,547
15,438,202,547
16,614,208,547
17,198,445,547
13,651,352,548
14,145,199,548
15,439,199,548
16,613,207,548
17,193,442,548
13,653,355,549
14,141,199,549
15,439,199,549
16,612,205,549
17,189,440,549
13,655,356,550
14,136,200,550
15,439,199,550
16,611,202,550
17,187,440,550
13,656,356,551
14,132,200,551
15,439,199,551
16,611,202,551
17,186,436,551
13,657,356,552
14,128,200,552
15,440,191,552
16,610,201,552
17,186,434,552
13,657,356,553
14,125,200,553
15,431,192,553
16,607,199,553
17,185,429,553
13,658,355,554
14,120,200,554
15,425,187,554
16,603,196,554
17,184,427,554
18,234,444,554
13,658,355,555
14,116,200,555
15,412,193,555
16,600,195,555
17,185,424,555
18,230,449,555
13,658,354,556
14,111,199,556
15,406,194,556
16,598,194,556
17,187,422,556
18,229,453,556
13,658,354,557
14,104,199,557
15,400,195,557
16,597,193,557
17,185,419,557
18,226,455,557
13,657,353,558
14,99,199,558
15,396,196,558
16,597,193,558
17,184,418,558
18,222,459,558
13,657,355,559
14,94,200,559
15,394,195,559
16,597,193,559
17,187,417,559
18,217,461,559
13,657,356,560
14,89,201,560
15,390,194,560
16,597,193,560
17,189,417,560
18,214,466,560
13,657,355,561
14,86,202,561
15,388,194,561
16,598,193,561
17,188,406,561
18,210,468,561
13,657,356,562
14,82,202,562
15,386,194,562
16,598,194,562
17,192,412,562
18,205,469,562
13,657,357,563
14,78,204,563
15,381,192,563
16,599,194,563
17,200,425,563
18,202,464,563
13,657,358,564
14,72,205,564
15,378,190,564
16,599,194,564
17,204,416,564
18,198,465,564
13,657,358,565
14,69,206,565
15,375,188,565
16,598,195,565
17,204,416,565
18,198,462,565
13,657,358,566
14,63,206,566
15,371,187,566
16,595,195,566
17,205,401,566
18,196,469,566
13,657,358,567
14,58,208,567
15,366,187,567
16,593,196,567
17,208,394,567
18,196,477,567
13,657,358,568
14,53,208,568
15,361,187,568
16,590,197,568
17,209,391,568
18,197,485,568
13,657,357,569
14,44,209,569
15,356,185,569
16,587,197,569
17,210,388,569
18,198,487,569
13,657,357,570
14,37,209,570
15,352,184,570
16,583,198,570
17,210,384,570
18,196,488,570
13,657,355,571
14,31,208,571
15,348,184,571
16,580,200,571
17,211,391,571
18,194,487,571
13,657,354,572
14,27,210,572
15,343,183,572
16,578,199,572
17,211,401,572
18,187,490,572
13,657,353,573
14,23,211,573
15,340,182,573
16,577,200,573
17,213,408,573
18,184,491,573
13,657,352,574
14,15,211,574
15,334,180,574
16,578,202,574
17,214,411,574
18,182,493,574
13,657,354,575
14,9,211,575
15,328,179,575
16,579,203,575
17,215,413,575
18,178,492,575
13,657,353,576
14,5,211,576
15,323,180,576
16,582,204,576
17,218,411,576
18,178,494,576
13,657,355,577
14,5,211,577
15,315,179,577
16,586,205,577
17,225,409,577
18,179,498,577
13,657,356,578
14,5,211,578
15,308,179,578
16,588,206,578
17,233,408,578
18,181,501,578
13,657,357,579
14,5,211,579
15,303,179,579
16,591,207,579
17,240,406,579
18,185,502,579
13,657,356,580
14,5,211,580
15,298,179,580
16,593,207,580
17,248,402,580
18,191,503,580
13,657,354,581
14,5,211,581
15,291,178,581
16,597,209,581
17,257,400,581
18,200,505,581
13,657,353,582
14,5,211,582
15,285,179,582
16,600,211,582
17,267,396,582
18,211,507,582
13,657,353,583
14,5,211,583
15,280,179,583
16,604,212,583
17,274,391,583
18,217,505,583
19,682,273,583
13,657,353,584
14,5,211,584
15,273,179,584
16,611,214,584
17,285,387,584
18,231,503,584
19,675,270,584
13,655,354,585
15,268,180,585
16,617,216,585
17,297,386,585
18,244,501,585
19,667,269,585
13,654,356,586
15,262,179,586
16,622,218,586
17,311,383,586
18,255,500,586
19,661,269,586
13,653,357,587
15,256,179,587
16,626,221,587
17,328,382,587
18,266,502,587
19,652,265,587
13,655,356,588
15,249,180,588
16,630,224,588
17,340,384,588
18,275,501,588
19,646,263,588
13,654,356,589
15,245,180,589
16,633,226,589
17,349,380,589
18,279,503,589
20,443,178,589
19,641,260,589
13,654,357,590
15,239,181,590
16,638,230,590
17,364,376,590
18,286,505,590
20,443,178,590
19,635,258,590
13,655,357,591
15,233,180,591
16,644,234,591
17,375,374,591
18,290,508,591
20,443,178,591
19,629,256,591
13,656,358,592
15,228,180,592
16,649,238,592
17,387,374,592
18,291,508,592
20,443,178,592
19,626,252,592
13,657,358,593
15,223,180,593
16,653,240,593
17,401,373,593
18,292,508,593
20,443,178,593
19,621,250,593
13,657,357,594
15,219,180,594
16,657,243,594
17,416,373,594
18,290,507,594
20,443,178,594
19,617,249,594
13,658,357,595
15,214,181,595
16,664,242,595
17,426,374,595
18,286,507,595
20,443,178,595
19,608,251,595
13,658,357,596
15,211,179,596
16,669,243,596
17,434,372,596
18,283,507,596
20,445,170,596
19,602,250,596
13,658,357,597
15,208,179,597
16,670,246,597
17,440,370,597
18,284,506,597
20,445,170,597
19,598,250,597
13,657,357,598
15,205,178,598
16,674,247,598
17,451,369,598
18,287,506,598
20,445,170,598
19,591,248,598
13,657,357,599
15,202,178,599
16,678,251,599
17,463,365,599
18,289,506,599
20,444,180,599
19,585,246,599
13,657,357,600
15,199,179,600
16,682,255,600
17,471,360,600
18,293,506,600
20,444,180,600
19,581,244,600
13,657,357,601
15,193,178,601
16,689,256,601
17,480,355,601
18,300,504,601
20,444,180,601
19,574,241,601
13,657,357,602
15,190,178,602
16,695,256,602
17,487,355,602
18,308,504,602
20,444,180,602
19,568,239,602
13,657,355,603
15,187,178,603
16,700,257,603
17,495,355,603
18,315,501,603
20,444,180,603
19,564,238,603
13,657,356,604
15,181,178,604
16,706,259,604
17,508,353,604
18,322,499,604
20,444,180,604
19,556,236,604
13,657,354,605
15,176,178,605
16,711,263,605
17,518,353,605
18,329,498,605
20,444,188,605
19,551,236,605
13,654,355,606
15,171,177,606
16,718,265,606
17,529,350,606
18,338,500,606
20,444,188,606
19,544,233,606
13,655,354,607
15,166,176,607
16,723,268,607
17,537,349,607
18,346,502,607
20,444,188,607
19,537,231,607
13,656,353,608
15,164,177,608
16,728,272,608
17,545,348,608
18,353,504,608
20,444,188,608
19,533,229,608
13,656,355,609
15,159,176,609
16,733,276,609
17,553,346,609
18,363,502,609
20,444,188,609
19,527,228,609
13,657,356,610
15,154,176,610
16,741,278,610
17,561,341,610
18,370,504,610
20,443,193,610
19,523,227,610
13,657,356,611
15,152,176,611
16,745,278,611
17,568,341,611
18,378,502,611
20,443,195,611
19,518,226,611
13,657,355,612
15,150,174,612
16,748,283,612
17,575,339,612
18,382,500,612
20,443,195,612
19,514,225,612
13,657,354,613
15,147,175,613
16,753,285,613
17,583,336,613
18,389,499,613
20,444,187,613
19,507,223,613
13,657,355,614
15,144,173,614
16,756,286,614
17,589,335,614
18,393,498,614
20,444,187,614
19,501,222,614
13,655,356,615
15,142,173,615
16,757,288,615
17,593,331,615
18,397,498,615
20,444,187,615
19,496,220,615
13,653,357,616
15,138,172,616
16,757,288,616
17,597,327,616
18,399,498,616
20,444,191,616
19,490,217,616
13,650,357,617
15,136,172,617
16,757,288,617
17,601,325,617
18,399,498,617
20,444,191,617
19,486,216,617
13,646,356,618
15,132,172,618
16,757,288,618
17,602,321,618
18,400,498,618
20,444,191,618
19,481,213,618
13,641,352,619
15,129,172,619
16,757,288,619
17,604,319,619
18,404,498,619
20,444,191,619
19,475,212,619
21,74,216,619
13,638,350,620
15,127,172,620
16,757,288,620
17,604,313,620
18,405,498,620
20,444,191,620
19,471,211,620
21,79,214,620
13,633,347,621
15,126,173,621
16,757,288,621
17,605,311,621
18,405,499,621
20,447,196,621
19,466,210,621
21,84,212,621
13,624,343,622
15,124,173,622
16,757,288,622
17,610,316,622
18,402,499,622
20,455,205,622
19,460,209,622
21,92,209,622
13,617,338,623
15,123,173,623
16,757,288,623
17,613,315,623
18,400,496,623
20,461,212,623
19,455,208,623
21,98,208,623
13,612,335,624
15,122,173,624
17,616,320,624
18,397,494,624
20,460,213,624
19,449,207,624
21,103,208,624
13,604,323,625
15,121,173,625
17,614,318,625
18,393,490,625
20,457,213,625
19,445,206,625
21,107,207,625
13,600,319,626
15,120,174,626
17,614,317,626
18,388,487,626
20,453,212,626
19,441,204,626
21,113,205,626
13,598,314,627
15,119,176,627
17,613,314,627
18,384,483,627
20,450,209,627
19,438,202,627
21,119,202,627
13,595,312,628
15,119,178,628
17,612,309,628
18,381,480,628
20,445,205,628
19,436,199,628
21,124,200,628
13,585,317,629
15,121,179,629
17,613,305,629
18,380,476,629
20,443,208,629
19,435,203,629
21,129,196,629
13,578,316,630
15,122,181,630
17,614,300,630
18,379,473,630
20,443,208,630
19,435,203,630
21,133,193,630
13,572,312,631
15,124,182,631
17,618,293,631
18,376,469,631
20,443,208,631
19,435,203,631
21,137,191,631
13,564,309,632
15,126,183,632
17,639,278,632
18,375,466,632
20,433,205,632
19,424,200,632
21,140,190,632
13,558,308,633
15,129,184,633
17,646,271,633
18,371,465,633
20,427,199,633
19,419,196,633
21,142,188,633
13,553,304,634
15,131,185,634
17,651,268,634
18,369,463,634
20,413,197,634
19,408,196,634
21,143,188,634
13,549,301,635
15,133,185,635
17,655,267,635
18,365,461,635
20,410,196,635
19,406,195,635
21,145,188,635
13,544,298,636
15,135,185,636
17,657,266,636
18,361,457,636
20,400,195,636
19,399,195,636
21,147,187,636
13,538,296,637
15,137,184,637
17,661,261,637
18,356,455,637
20,393,195,637
19,392,195,637
21,150,187,637
13,532,293,638
15,139,184,638
17,666,259,638
18,353,454,638
20,386,194,638
19,386,194,638
21,153,187,638
13,527,290,639
15,141,184,639
17,668,258,639
18,352,454,639
20,381,194,639
19,381,194,639
21,155,187,639
13,521,289,640
15,143,184,640
17,668,258,640
18,352,454,640
20,378,194,640
19,378,194,640
21,158,188,640
13,514,287,641
15,134,180,641
17,668,255,641
18,354,452,641
20,373,195,641
19,373,195,641
21,160,186,641
13,507,285,642
15,131,178,642
17,668,251,642
18,356,454,642
20,367,194,642
19,368,194,642
21,163,186,642
13,502,284,643
15,131,178,643
17,668,249,643
18,357,456,643
20,362,194,643
19,363,194,643
21,166,186,643
13,498,281,644
15,132,178,644
17,666,248,644
18,360,454,644
20,359,192,644
19,359,192,644
21,168,186,644
13,494,279,645
15,132,178,645
17,666,248,645
18,361,453,645
20,354,191,645
19,354,191,645
21,171,186,645
13,491,278,646
15,135,179,646
17,664,246,646
18,362,452,646
20,351,190,646
19,351,190,646
21,174,186,646
13,489,276,647
15,138,180,647
17,662,243,647
18,363,452,647
20,346,190,647
19,346,190,647
21,177,186,647
13,484,272,648
15,141,179,648
17,660,238,648
18,363,449,648
20,341,190,648
19,341,190,648
21,153,180,648
13,480,270,649
15,146,180,649
17,659,236,649
18,363,445,649
20,335,190,649
19,335,190,649
21,147,180,649
13,477,268,650
15,149,181,650
17,657,234,650
18,362,444,650
20,331,190,650
19,331,190,650
21,148,180,650
13,476,265,651
15,152,182,651
17,656,231,651
18,359,441,651
20,326,190,651
19,326,190,651
21,149,181,651
13,475,261,652
15,157,183,652
17,653,228,652
18,355,437,652
20,319,190,652
19,319,190,652
21,152,182,652
13,475,257,653
15,161,184,653
17,650,226,653
18,352,435,653
20,312,191,653
19,312,191,653
21,157,183,653
13,473,254,654
15,165,184,654
17,646,226,654
18,351,431,654
20,307,191,654
19,307,191,654
21,161,183,654
13,473,252,655
15,168,184,655
17,644,225,655
18,347,428,655
20,303,191,655
19,303,191,655
21,166,183,655
13,473,249,656
15,171,184,656
17,642,222,656
18,344,427,656
20,298,191,656
19,298,191,656
21,169,184,656
13,472,248,657
15,174,185,657
17,641,219,657
18,343,427,657
20,292,191,657
19,292,191,657
21,172,185,657
13,471,248,658
15,178,186,658
17,639,216,658
18,340,424,658
20,286,191,658
19,286,191,658
21,177,186,658
13,471,246,659
15,181,186,659
17,638,215,659
18,337,425,659
20,279,190,659
19,279,190,659
21,181,186,659
22,276,185,659
13,473,243,660
15,185,186,660
17,635,214,660
18,327,423,660
20,277,191,660
19,277,191,660
21,185,186,660
22,285,188,660
13,474,240,661
15,190,186,661
17,632,215,661
18,320,424,661
20,276,191,661
19,276,191,661
21,190,186,661
22,291,190,661
13,475,238,662
15,196,186,662
17,627,213,662
18,312,425,662
20,274,190,662
19,274,190,662
21,196,186,662
22,292,190,662
13,476,237,663
15,201,186,663
17,623,211,663
18,302,422,663
20,271,189,663
19,271,189,663
21,201,186,663
22,294,189,663
13,477,234,664
15,206,185,664
17,618,208,664
18,291,416,664
20,268,189,664
19,268,189,664
21,206,185,664
22,298,187,664
13,477,232,665
15,210,185,665
17,613,208,665
18,285,414,665
20,264,188,665
19,264,188,665
21,210,185,665
22,302,186,665
13,478,230,666
15,215,187,666
17,608,205,666
18,277,410,666
20,258,190,666
19,258,190,666
21,215,187,666
22,315,184,666
13,479,228,667
15,219,189,667
17,603,202,667
18,271,408,667
20,254,190,667
19,254,190,667
21,219,189,667
22,323,184,667
13,479,225,668
15,224,189,668
17,599,202,668
18,266,406,668
20,250,190,668
19,250,190,668
21,224,189,668
22,329,182,668
13,480,221,669
15,229,190,669
17,595,202,669
18,260,406,669
20,244,191,669
19,244,191,669
21,229,190,669
22,334,180,669
23,597,318,669
13,481,220,670
15,237,192,670
17,588,200,670
18,254,406,670
20,239,191,670
19,239,191,670
21,237,192,670
22,340,181,670
23,581,316,670
13,482,218,671
15,240,193,671
17,583,198,671
18,247,408,671
20,231,192,671
19,231,192,671
21,240,193,671
22,346,182,671
23,568,312,671
13,483,215,672
15,242,193,672
17,578,197,672
18,236,405,672
20,228,192,672
19,228,192,672
21,242,193,672
22,352,183,672
23,557,309,672
13,483,214,673
15,245,191,673
17,573,197,673
18,228,401,673
20,229,191,673
19,229,191,673
21,245,191,673
22,356,182,673
23,547,307,673
13,485,212,674
15,248,193,674
17,566,196,674
18,218,402,674
20,226,191,674
19,226,191,674
21,248,193,674
22,360,181,674
23,533,305,674
13,486,212,675
15,250,193,675
17,559,195,675
18,211,400,675
20,223,191,675
19,223,191,675
21,250,193,675
22,365,181,675
23,521,303,675
13,487,210,676
15,253,194,676
17,554,194,676
18,207,401,676
20,220,189,676
19,220,189,676
21,253,194,676
22,369,180,676
23,511,303,676
13,488,209,677
15,262,195,677
17,550,193,677
18,202,399,677
20,211,188,677
19,211,188,677
21,262,195,677
22,375,180,677
23,502,300,677
13,492,208,678
15,270,194,678
17,543,192,678
18,193,396,678
20,201,187,678
19,201,187,678
21,270,194,678
22,381,180,678
23,488,298,678
13,495,206,679
15,276,194,679
17,536,192,679
18,186,392,679
20,193,186,679
19,193,186,679
21,276,194,679
22,386,181,679
23,477,295,679
13,497,205,680
15,282,194,680
17,529,192,680
18,179,392,680
20,187,185,680
19,187,185,680
21,282,194,680
22,391,181,680
23,467,293,680
13,502,202,681
15,290,195,681
17,519,192,681
18,170,392,681
20,181,187,681
19,181,187,681
21,290,195,681
22,399,181,681
23,454,290,681
13,507,199,682
15,296,195,682
17,512,192,682
18,161,390,682
20,176,188,682
19,176,188,682
21,296,195,682
22,405,181,682
23,443,288,682
13,510,197,683
15,300,198,683
17,504,195,683
18,154,387,683
20,173,188,683
19,173,188,683
21,300,198,683
22,409,181,683
23,434,284,683
13,512,197,684
15,307,199,684
17,499,198,684
18,145,385,684
20,169,189,684
19,169,189,684
21,307,199,684
22,416,180,684
23,434,284,684
13,513,195,685
15,314,199,685
17,496,197,685
18,138,383,685
20,165,191,685
19,165,191,685
21,314,199,685
22,416,180,685
23,434,284,685
13,515,195,686
15,320,199,686
17,492,195,686
18,134,380,686
20,163,192,686
19,163,192,686
21,320,199,686
22,416,180,686
23,415,280,686
13,516,193,687
15,323,199,687
17,490,193,687
18,131,378,687
20,160,194,687
19,160,194,687
21,323,199,687
22,416,180,687
23,399,276,687
13,519,193,688
15,330,199,688
17,483,192,688
18,130,375,688
20,157,195,688
19,157,195,688
21,330,199,688
22,429,179,688
23,382,271,688
13,531,193,689
15,338,201,689
17,468,189,689
18,130,370,689
20,156,195,689
19,156,195,689
21,338,201,689
24,430,226,689
22,443,180,689
23,365,267,689
13,539,193,690
15,345,198,690
17,453,188,690
18,129,365,690
20,157,197,690
19,157,197,690
21,345,198,690
24,430,226,690
22,455,185,690
23,350,264,690
13,543,192,691
15,351,200,691
17,445,186,691
18,129,362,691
20,160,198,691
19,160,198,691
21,351,200,691
24,430,226,691
22,463,186,691
23,339,261,691
13,546,191,692
15,354,202,692
17,443,183,692
18,130,361,692
20,162,199,692
19,162,199,692
21,354,202,692
24,430,226,692
22,467,185,692
23,330,260,692
13,547,191,693
15,358,202,693
17,440,185,693
18,128,357,693
20,166,200,693
19,166,200,693
21,358,202,693
24,437,211,693
22,469,185,693
23,325,258,693
13,547,191,694
15,361,201,694
17,438,186,694
18,129,353,694
20,171,201,694
19,171,201,694
21,361,201,694
24,441,202,694
22,469,183,694
23,320,258,694
13,546,192,695
15,364,203,695
17,434,186,695
18,129,351,695
20,175,202,695
19,175,202,695
21,364,203,695
24,439,197,695
22,470,180,695
23,315,256,695
13,545,193,696
15,366,206,696
17,434,188,696
18,127,351,696
20,179,202,696
19,179,202,696
21,366,206,696
24,438,195,696
22,470,177,696
23,311,255,696
13,541,195,697
15,370,208,697
17,434,188,697
18,125,349,697
20,184,202,697
19,184,202,697
21,370,208,697
24,438,195,697
22,477,171,697
23,302,253,697
13,538,196,698
15,375,212,698
17,434,188,698
18,124,345,698
20,189,203,698
19,189,203,698
21,375,212,698
24,438,195,698
22,483,168,698
23,296,250,698
13,536,197,699
15,380,212,699
17,418,193,699
18,123,342,699
20,195,204,699
19,195,204,699
21,380,212,699
24,428,194,699
22,487,166,699
23,290,246,699
13,533,199,700
15,384,213,700
17,410,191,700
18,121,340,700
20,200,203,700
19,200,203,700
21,384,213,700
24,418,191,700
22,490,165,700
23,284,243,700
13,530,202,701
15,389,214,701
17,403,191,701
18,115,333,701
20,206,203,701
19,206,203,701
21,389,214,701
24,415,188,701
22,494,165,701
23,273,244,701
13,529,203,702
15,393,215,702
17,394,194,702
18,110,329,702
20,210,203,702
19,210,203,702
21,393,215,702
24,407,189,702
22,497,165,702
23,264,244,702
13,526,204,703
15,399,217,703
17,387,208,703
18,107,327,703
20,215,204,703
19,215,204,703
21,399,217,703
24,395,202,703
22,502,164,703
23,258,243,703
25,671,257,703
13,522,207,704
15,404,217,704
17,384,208,704
18,104,326,704
20,221,205,704
19,221,205,704
21,404,217,704
24,389,204,704
22,506,163,704
23,249,241,704
25,661,255,704
13,520,209,705
15,407,216,705
17,382,207,705
18,99,324,705
20,225,204,705
19,225,204,705
21,407,216,705
24,385,204,705
22,510,163,705
23,241,239,705
25,653,254,705
13,517,210,706
15,410,216,706
17,380,204,706
18,97,321,706
20,228,206,706
19,228,206,706
21,410,216,706
24,382,203,706
22,512,163,706
23,234,238,706
25,647,253,706
13,513,204,707
15,414,219,707
17,379,202,707
18,94,320,707
20,231,209,707
19,231,209,707
21,414,219,707
24,380,201,707
22,516,171,707
23,228,234,707
25,641,253,707
13,509,209,708
15,421,223,708
17,365,192,708
18,89,318,708
20,236,212,708
19,236,212,708
21,421,223,708
24,366,192,708
22,521,166,708
23,220,229,708
25,633,254,708
13,507,212,709
15,429,228,709
17,358,190,709
18,84,317,709
20,238,214,709
19,238,214,709
21,429,228,709
24,358,191,709
22,527,162,709
23,214,227,709
25,626,252,709
13,505,215,710
15,429,228,710
17,353,190,710
18,79,314,710
20,239,215,710
19,239,215,710
21,429,228,710
24,352,190,710
22,531,161,710
23,209,224,710
25,620,252,710
13,502,217,711
15,436,231,711
17,346,191,711
18,74,311,711
20,242,216,711
19,242,216,711
21,436,231,711
24,346,192,711
22,536,160,711
23,203,223,711
25,614,251,711
13,499,217,712
15,443,233,712
17,340,193,712
18,71,309,712
20,248,215,712
19,248,215,712
21,443,233,712
24,340,193,712
22,540,159,712
23,193,223,712
25,608,251,712
13,497,218,713
15,447,232,713
17,335,193,713
18,69,308,713
20,251,214,713
19,251,214,713
21,447,232,713
24,335,193,713
22,543,159,713
23,185,224,713
25,604,251,713
13,493,221,714
15,453,232,714
17,330,194,714
18,68,308,714
20,255,215,714
19,255,215,714
21,453,232,714
24,330,194,714
22,547,157,714
23,178,225,714
25,600,249,714
13,490,222,715
15,459,234,715
17,325,196,715
18,67,305,715
20,258,215,715
19,258,215,715
21,459,234,715
24,325,196,715
22,551,158,715
23,169,225,715
25,595,248,715
13,488,223,716
15,465,236,716
17,321,199,716
18,67,303,716
20,262,218,716
19,262,218,716
21,465,236,716
24,320,198,716
22,556,158,716
23,162,222,716
25,590,247,716
13,485,226,717
15,471,237,717
17,316,200,717
18,67,300,717
20,267,219,717
19,267,219,717
21,471,237,717
24,316,200,717
22,560,157,717
23,156,221,717
25,585,247,717
13,484,229,718
15,481,238,718
17,313,201,718
18,67,298,718
20,272,220,718
19,272,220,718
21,481,238,718
24,312,201,718
22,565,155,718
23,148,219,718
25,578,245,718
13,484,234,719
15,489,239,719
17,310,203,719
18,70,298,719
20,275,221,719
19,275,221,719
21,489,239,719
24,309,203,719
22,569,155,719
23,142,217,719
25,572,243,719
13,485,239,720
15,496,240,720
17,306,205,720
18,71,293,720
20,279,222,720
19,279,222,720
21,496,240,720
24,305,205,720
22,572,155,720
23,136,215,720
25,567,243,720
13,490,242,721
15,504,240,721
17,300,210,721
18,73,291,721
20,288,223,721
19,288,223,721
21,504,240,721
24,299,210,721
22,576,154,721
23,128,214,721
25,562,241,721
13,493,244,722
15,511,240,722
17,295,214,722
18,76,290,722
20,295,220,722
19,295,220,722
21,511,240,722
24,294,214,722
22,579,154,722
23,120,213,722
25,555,240,722
13,499,245,723
15,518,239,723
17,290,217,723
18,80,288,723
20,299,219,723
19,299,219,723
21,518,239,723
24,290,216,723
22,583,152,723
23,113,213,723
25,549,239,723
13,507,246,724
15,528,239,724
17,289,219,724
18,85,283,724
20,303,218,724
19,303,218,724
21,528,239,724
24,289,219,724
22,587,152,724
23,105,211,724
25,544,237,724
13,513,249,725
15,535,242,725
17,289,221,725
18,93,280,725
20,305,219,725
19,305,219,725
21,535,242,725
24,289,221,725
22,590,153,725
23,99,210,725
25,535,237,725
13,516,252,726
15,541,243,726
17,292,222,726
18,98,278,726
20,307,220,726
19,307,220,726
21,541,243,726
24,291,222,726
22,594,152,726
23,92,209,726
25,529,238,726
13,524,253,727
15,547,244,727
17,294,224,727
18,101,278,727
20,308,223,727
19,308,223,727
21,547,244,727
24,293,224,727
22,598,152,727
23,88,208,727
25,525,240,727
13,528,256,728
15,551,243,728
17,297,227,728
18,103,276,728
20,311,226,728
19,311,226,728
21,551,243,728
24,296,227,728
22,601,151,728
23,83,206,728
25,524,243,728
13,531,258,729
15,552,244,729
17,298,226,729
18,108,272,729
20,313,227,729
19,313,227,729
21,552,244,729
24,297,226,729
22,603,151,729
23,76,205,729
25,517,247,729
13,533,258,730
15,552,246,730
17,299,226,730
18,111,270,730
20,315,229,730
19,315,229,730
21,552,246,730
24,298,227,730
22,606,151,730
23,70,206,730
25,513,248,730
13,535,256,731
15,553,247,731
17,301,226,731
18,113,270,731
20,316,229,731
19,316,229,731
21,553,247,731
24,300,226,731
22,610,150,731
23,64,206,731
25,510,248,731
13,544,258,732
15,560,247,732
17,302,226,732
18,116,272,732
20,318,230,732
19,318,230,732
21,560,247,732
24,302,227,732
22,613,149,732
23,59,206,732
25,506,244,732
13,554,260,733
15,568,247,733
17,303,228,733
18,119,271,733
20,320,231,733
19,320,231,733
21,568,247,733
24,303,228,733
22,615,148,733
23,55,206,733
25,492,235,733
13,562,260,734
15,572,246,734
17,300,227,734
18,123,268,734
20,317,231,734
19,317,231,734
21,572,246,734
24,299,228,734
22,617,147,734
23,51,205,734
25,482,230,734
13,566,261,735
15,576,246,735
17,302,229,735
18,126,267,735
20,319,233,735
19,319,233,735
21,576,246,735
24,301,229,735
22,620,145,735
23,46,204,735
25,476,228,735
13,574,260,736
15,580,246,736
17,302,230,736
18,128,266,736
20,320,233,736
19,320,233,736
21,580,246,736
24,293,228,736
22,623,146,736
23,41,204,736
25,470,227,736
13,580,257,737
15,583,246,737
17,292,230,737
18,131,264,737
20,321,236,737
19,321,236,737
21,583,246,737
24,290,230,737
22,626,145,737
23,38,204,737
25,464,225,737
13,587,257,738
15,585,248,738
17,288,230,738
18,135,262,738
20,323,237,738
19,323,237,738
21,585,248,738
24,287,230,738
22,630,145,738
23,32,202,738
25,455,224,738
13,593,261,739
15,588,250,739
17,284,234,739
18,138,258,739
20,324,240,739
19,324,240,739
21,588,250,739
24,284,234,739
22,632,142,739
23,25,202,739
25,448,224,739
13,599,262,740
15,591,251,740
17,282,236,740
18,142,255,740
20,350,245,740
19,350,245,740
21,591,251,740
24,282,236,740
22,636,142,740
23,20,201,740
25,445,224,740
13,604,266,741
15,594,254,741
17,280,240,741
18,144,253,741
20,360,247,741
19,360,247,741
21,594,254,741
24,280,240,741
22,639,141,741
23,15,200,741
25,440,223,741
13,612,268,742
15,608,266,742
17,273,242,742
18,150,251,742
20,368,247,742
19,368,247,742
21,608,266,742
24,274,242,742
22,645,138,742
23,9,199,742
25,432,224,742
13,620,269,743
15,618,269,743
17,269,245,743
18,155,247,743
20,375,249,743
19,375,249,743
21,618,269,743
24,269,245,743
22,649,139,743
23,5,199,743
25,432,224,743
13,625,269,744
15,623,270,744
17,265,246,744
18,160,246,744
20,382,250,744
19,382,250,744
21,623,270,744
24,266,246,744
22,654,137,744
23,5,199,744
25,432,224,744
13,633,268,745
15,632,269,745
17,262,250,745
18,168,245,745
20,389,250,745
19,389,250,745
21,632,269,745
24,262,249,745
22,658,138,745
23,5,199,745
25,432,224,745
13,641,268,746
15,641,269,746
17,258,253,746
18,175,241,746
20,395,252,746
19,395,252,746
21,641,269,746
24,258,253,746
22,662,139,746
23,5,199,746
25,432,224,746
13,648,268,747
15,647,269,747
17,256,253,747
18,181,238,747
20,401,254,747
19,401,254,747
21,647,269,747
24,256,253,747
22,665,140,747
23,5,199,747
25,418,221,747
13,655,268,748
15,655,269,748
17,252,255,748
18,189,238,748
20,405,252,748
19,405,252,748
21,655,269,748
24,252,255,748
22,669,140,748
23,5,199,748
25,400,222,748
13,658,268,749
15,658,269,749
17,250,257,749
18,195,239,749
20,409,250,749
19,409,250,749
21,658,269,749
24,250,257,749
22,673,141,749
23,5,199,749
25,387,226,749
13,664,268,750
15,664,268,750
17,247,259,750
18,201,240,750
20,415,254,750
19,415,254,750
21,664,268,750
24,247,259,750
22,674,141,750
23,5,199,750
25,378,226,750
13,667,267,751
15,667,268,751
17,244,262,751
18,208,239,751
20,418,250,751
19,418,250,751
21,667,268,751
24,244,262,751
22,678,144,751
23,5,199,751
25,372,226,751
26,512,211,751
13,671,265,752
15,672,265,752
17,243,264,752
18,215,236,752
20,427,247,752
19,427,247,752
21,672,265,752
24,243,264,752
22,684,145,752
25,362,221,752
26,507,209,752
13,675,263,753
15,676,263,753
17,239,263,753
18,222,237,753
20,432,242,753
19,432,242,753
21,676,263,753
24,239,264,753
22,687,145,753
25,355,218,753
26,502,208,753
13,677,262,754
15,677,262,754
17,241,265,754
18,230,240,754
20,439,241,754
19,439,241,754
21,677,262,754
24,240,265,754
22,691,148,754
25,349,218,754
26,494,208,754
13,677,261,755
15,678,261,755
17,241,265,755
18,236,240,755
20,446,248,755
19,446,248,755
21,678,261,755
24,240,265,755
22,692,149,755
25,341,217,755
26,489,208,755
13,677,259,756
15,677,259,756
17,242,265,756
18,240,240,756
20,452,257,756
19,452,257,756
21,677,259,756
24,242,265,756
22,693,150,756
25,334,214,756
26,484,209,756
13,676,256,757
15,676,256,757
17,243,264,757
18,244,243,757
20,458,262,757
19,458,262,757
21,676,256,757
24,242,264,757
22,694,152,757
25,330,213,757
26,477,209,757
13,674,254,758
15,674,254,758
17,245,265,758
18,247,244,758
20,466,263,758
19,466,263,758
21,674,254,758
24,244,264,758
22,696,154,758
25,325,212,758
26,471,213,758
13,671,252,759
15,671,252,759
17,247,265,759
18,250,245,759
20,473,265,759
19,473,265,759
21,671,252,759
24,246,264,759
22,696,154,759
25,321,212,759
26,465,218,759
13,668,251,760
15,668,251,760
17,250,265,760
18,253,247,760
20,477,267,760
19,477,267,760
21,668,251,760
24,249,264,760
22,697,155,760
25,316,211,760
26,460,219,760
13,666,248,761
15,666,248,761
17,259,280,761
18,256,247,761
20,480,269,761
19,480,269,761
21,666,248,761
24,258,279,761
22,698,156,761
25,310,211,761
26,458,220,761
13,663,246,762
15,663,246,762
17,260,281,762
18,259,248,762
20,484,269,762
19,484,269,762
21,663,246,762
24,260,280,762
22,699,156,762
25,307,212,762
26,454,219,762
13,661,245,763
15,661,245,763
17,266,285,763
18,263,249,763
20,488,269,763
19,488,269,763
21,661,245,763
24,266,284,763
22,700,156,763
25,302,211,763
26,449,218,763
13,658,245,764
15,658,245,764
17,269,282,764
18,266,250,764
20,491,271,764
19,491,271,764
21,658,245,764
24,268,282,764
22,700,155,764
25,301,211,764
26,445,215,764
13,653,243,765
15,653,243,765
17,276,283,765
18,273,250,765
20,498,275,765
19,498,275,765
21,653,243,765
24,276,285,765
22,700,157,765
25,294,212,765
26,439,214,765
13,650,242,766
15,650,242,766
17,284,282,766
18,280,249,766
20,504,276,766
19,504,276,766
21,650,242,766
24,283,285,766
22,698,157,766
25,290,212,766
26,433,217,766
13,646,242,767
15,646,242,767
17,292,289,767
18,282,227,767
20,509,277,767
19,509,277,767
21,646,242,767
24,292,290,767
22,697,158,767
25,284,212,767
26,429,221,767
13,640,242,768
15,640,242,768
17,301,293,768
18,286,213,768
20,517,277,768
19,517,277,768
21,640,242,768
24,300,294,768
22,696,158,768
25,278,212,768
26,429,221,768
13,634,242,769
15,634,242,769
17,306,294,769
18,288,211,769
20,524,279,769
19,524,279,769
21,634,242,769
24,306,294,769
22,694,160,769
25,275,213,769
26,417,224,769
13,631,242,770
15,631,242,770
17,311,294,770
18,291,212,770
20,530,280,770
19,530,280,770
21,631,242,770
24,311,294,770
22,692,160,770
25,273,214,770
26,404,227,770
13,626,243,771
15,626,243,771
17,322,294,771
18,292,211,771
20,539,283,771
19,539,283,771
21,626,243,771
24,321,294,771
22,691,162,771
25,273,214,771
26,392,230,771
13,623,241,772
15,623,241,772
17,329,295,772
18,293,210,772
20,545,284,772
19,545,284,772
21,623,241,772
24,329,295,772
22,690,163,772
25,273,213,772
26,380,233,772
13,620,242,773
15,620,242,773
17,335,295,773
18,295,210,773
20,552,287,773
19,552,287,773
21,620,242,773
24,335,295,773
22,689,163,773
25,273,212,773
26,371,233,773
13,618,243,774
15,618,243,774
17,339,297,774
18,297,211,774
20,557,286,774
19,557,286,774
21,618,243,774
24,339,297,774
22,687,163,774
25,272,211,774
26,363,234,774
13,616,241,775
15,616,241,775
17,348,300,775
18,305,211,775
20,563,290,775
19,563,290,775
21,616,241,775
24,348,300,775
22,684,165,775
25,269,209,775
26,354,235,775
13,617,241,776
15,617,241,776
17,355,302,776
18,315,213,776
20,569,290,776
19,569,290,776
21,617,241,776
24,355,301,776
22,682,166,776
25,261,208,776
26,345,236,776
13,618,241,777
15,618,241,777
17,361,304,777
18,321,213,777
20,573,292,777
19,573,292,777
21,618,241,777
24,361,304,777
22,679,166,777
25,256,206,777
26,336,236,777
13,620,244,778
15,620,244,778
17,367,308,778
18,330,214,778
20,579,294,778
19,579,294,778
21,620,244,778
24,367,308,778
22,675,168,778
25,250,205,778
26,326,234,778
13,623,247,779
15,623,247,779
17,373,312,779
18,332,215,779
20,585,294,779
19,585,294,779
21,623,247,779
24,373,311,779
22,673,169,779
25,246,203,779
26,316,232,779
13,626,248,780
15,626,248,780
17,377,314,780
18,334,219,780
20,590,297,780
19,590,297,780
21,626,248,780
24,377,314,780
22,672,169,780
25,242,202,780
26,310,232,780
13,627,249,781
15,627,249,781
17,379,315,781
18,337,222,781
20,594,298,781
19,594,298,781
21,627,249,781
24,379,315,781
22,671,171,781
25,240,201,781
26,306,232,781
13,630,253,782
15,630,253,782
17,385,316,782
18,339,219,782
20,602,300,782
19,602,300,782
21,630,253,782
24,386,316,782
22,669,171,782
25,237,201,782
26,296,235,782
13,632,257,783
15,632,257,783
17,391,318,783
18,348,210,783
20,606,302,783
19,606,302,783
21,632,257,783
24,391,318,783
22,668,171,783
25,235,201,783
26,289,235,783
13,634,262,784
15,634,262,784
17,396,319,784
18,353,207,784
20,611,305,784
19,611,305,784
21,634,262,784
24,396,319,784
22,666,171,784
25,233,200,784
26,282,236,784
13,636,264,785
15,636,264,785
17,405,319,785
18,359,204,785
20,613,308,785
19,613,308,785
21,636,264,785
24,404,319,785
22,663,173,785
25,232,199,785
26,275,235,785
13,638,268,786
15,638,268,786
17,414,319,786
18,365,203,786
20,615,310,786
19,615,310,786
21,638,268,786
24,413,319,786
22,661,174,786
25,232,199,786
26,269,234,786
13,640,270,787
15,640,270,787
17,421,321,787
18,371,201,787
20,617,311,787
19,617,311,787
21,640,270,787
24,421,321,787
22,660,174,787
25,232,197,787
26,263,233,787
13,646,273,788
15,646,273,788
17,428,322,788
18,378,199,788
20,621,314,788
19,621,314,788
21,646,273,788
24,428,322,788
22,660,176,788
25,233,195,788
26,256,232,788
13,650,275,789
15,650,275,789
17,428,322,789
18,386,198,789
20,624,318,789
19,624,318,789
21,650,275,789
24,428,322,789
22,660,178,789
25,233,193,789
26,251,232,789
13,654,275,790
15,654,275,790
17,439,329,790
18,392,196,790
20,628,320,790
19,628,320,790
21,654,275,790
24,439,329,790
22,660,179,790
25,233,192,790
26,248,230,790
13,656,277,791
15,656,277,791
17,449,326,791
18,398,196,791
20,631,320,791
19,631,320,791
21,656,277,791
24,448,326,791
22,661,180,791
25,231,193,791
26,244,228,791
13,659,280,792
15,659,280,792
17,456,326,792
18,403,197,792
20,633,321,792
19,633,321,792
21,659,280,792
24,456,326,792
22,661,180,792
25,229,193,792
26,242,225,792
13,661,284,793
15,661,284,793
17,460,328,793
18,406,196,793
20,636,321,793
19,636,321,793
21,661,284,793
24,460,328,793
22,662,180,793
25,227,193,793
26,241,224,793
